"filename", "language", "Python", "Markdown", "JSON", "Log", "JavaScript", "CSS", "TypeScript", "JSON with Comments", "TypeScript JSX", "XML", "HTML", "PowerShell", "MS SQL", "Shell Script", "YAML", "comment", "blank", "total"
"c:\Users\Bobby\Desktop\sports\.github\copilot-instructions.md", "Markdown", 0, 24, 0, 0, 0, 0, 0, 0, 0, 0, 0, 0, 0, 0, 0, 0, 6, 30
"c:\Users\Bobby\Desktop\sports\.github\workflows\ci.yml", "YAML", 0, 0, 0, 0, 0, 0, 0, 0, 0, 0, 0, 0, 0, 0, 24, 0, 10, 34
"c:\Users\Bobby\Desktop\sports\HW6b_Report.md", "Markdown", 0, 82, 0, 0, 0, 0, 0, 0, 0, 0, 0, 0, 0, 0, 0, 0, 22, 104
"c:\Users\Bobby\Desktop\sports\README.md", "Markdown", 0, 130, 0, 0, 0, 0, 0, 0, 0, 0, 0, 0, 0, 0, 0, 0, 49, 179
"c:\Users\Bobby\Desktop\sports\apply_schema.py", "Python", 21, 0, 0, 0, 0, 0, 0, 0, 0, 0, 0, 0, 0, 0, 0, 1, 7, 29
"c:\Users\Bobby\Desktop\sports\backfill_missing_scores.py", "Python", 186, 0, 0, 0, 0, 0, 0, 0, 0, 0, 0, 0, 0, 0, 0, 37, 49, 272
"c:\Users\Bobby\Desktop\sports\check_api_history.py", "Python", 22, 0, 0, 0, 0, 0, 0, 0, 0, 0, 0, 0, 0, 0, 0, 0, 6, 28
"c:\Users\Bobby\Desktop\sports\check_columns.py", "Python", 5, 0, 0, 0, 0, 0, 0, 0, 0, 0, 0, 0, 0, 0, 0, 0, 2, 7
"c:\Users\Bobby\Desktop\sports\check_columns_line.py", "Python", 6, 0, 0, 0, 0, 0, 0, 0, 0, 0, 0, 0, 0, 0, 0, 0, 2, 8
"c:\Users\Bobby\Desktop\sports\check_dashboard_output.py", "Python", 21, 0, 0, 0, 0, 0, 0, 0, 0, 0, 0, 0, 0, 0, 0, 3, 5, 29
"c:\Users\Bobby\Desktop\sports\check_db.py", "Python", 16, 0, 0, 0, 0, 0, 0, 0, 0, 0, 0, 0, 0, 0, 0, 0, 5, 21
"c:\Users\Bobby\Desktop\sports\check_db_nba.py", "Python", 20, 0, 0, 0, 0, 0, 0, 0, 0, 0, 0, 0, 0, 0, 0, 0, 7, 27
"c:\Users\Bobby\Desktop\sports\check_green_bay_game.py", "Python", 19, 0, 0, 0, 0, 0, 0, 0, 0, 0, 0, 0, 0, 0, 0, 2, 4, 25
"c:\Users\Bobby\Desktop\sports\check_live_scores.py", "Python", 22, 0, 0, 0, 0, 0, 0, 0, 0, 0, 0, 0, 0, 0, 0, 2, 7, 31
"c:\Users\Bobby\Desktop\sports\check_missing_links.py", "Python", 35, 0, 0, 0, 0, 0, 0, 0, 0, 0, 0, 0, 0, 0, 0, 2, 6, 43
"c:\Users\Bobby\Desktop\sports\check_model_features.py", "Python", 27, 0, 0, 0, 0, 0, 0, 0, 0, 0, 0, 0, 0, 0, 0, 0, 4, 31
"c:\Users\Bobby\Desktop\sports\check_ncaab_parquet.py", "Python", 7, 0, 0, 0, 0, 0, 0, 0, 0, 0, 0, 0, 0, 0, 0, 3, 4, 14
"c:\Users\Bobby\Desktop\sports\check_parquet.py", "Python", 6, 0, 0, 0, 0, 0, 0, 0, 0, 0, 0, 0, 0, 0, 0, 1, 3, 10
"c:\Users\Bobby\Desktop\sports\check_parquet_direct.py", "Python", 11, 0, 0, 0, 0, 0, 0, 0, 0, 0, 0, 0, 0, 0, 0, 0, 4, 15
"c:\Users\Bobby\Desktop\sports\cleanup_duplicates.py", "Python", 45, 0, 0, 0, 0, 0, 0, 0, 0, 0, 0, 0, 0, 0, 0, 12, 14, 71
"c:\Users\Bobby\Desktop\sports\config\sources.yml", "YAML", 0, 0, 0, 0, 0, 0, 0, 0, 0, 0, 0, 0, 0, 0, 498, 1, 45, 544
"c:\Users\Bobby\Desktop\sports\config\tuned_params\bundesliga_random_forest.json", "JSON", 0, 0, 21, 0, 0, 0, 0, 0, 0, 0, 0, 0, 0, 0, 0, 0, 0, 21
"c:\Users\Bobby\Desktop\sports\config\tuned_params\cfb_random_forest.json", "JSON", 0, 0, 21, 0, 0, 0, 0, 0, 0, 0, 0, 0, 0, 0, 0, 0, 0, 21
"c:\Users\Bobby\Desktop\sports\config\tuned_params\epl_random_forest.json", "JSON", 0, 0, 21, 0, 0, 0, 0, 0, 0, 0, 0, 0, 0, 0, 0, 0, 0, 21
"c:\Users\Bobby\Desktop\sports\config\tuned_params\laliga_random_forest.json", "JSON", 0, 0, 21, 0, 0, 0, 0, 0, 0, 0, 0, 0, 0, 0, 0, 0, 0, 21
"c:\Users\Bobby\Desktop\sports\config\tuned_params\ligue1_random_forest.json", "JSON", 0, 0, 21, 0, 0, 0, 0, 0, 0, 0, 0, 0, 0, 0, 0, 0, 0, 21
"c:\Users\Bobby\Desktop\sports\config\tuned_params\nba_random_forest.json", "JSON", 0, 0, 21, 0, 0, 0, 0, 0, 0, 0, 0, 0, 0, 0, 0, 0, 0, 21
"c:\Users\Bobby\Desktop\sports\config\tuned_params\ncaab_random_forest.json", "JSON", 0, 0, 21, 0, 0, 0, 0, 0, 0, 0, 0, 0, 0, 0, 0, 0, 0, 21
"c:\Users\Bobby\Desktop\sports\config\tuned_params\nfl_random_forest.json", "JSON", 0, 0, 21, 0, 0, 0, 0, 0, 0, 0, 0, 0, 0, 0, 0, 0, 0, 21
"c:\Users\Bobby\Desktop\sports\config\tuned_params\nhl_random_forest.json", "JSON", 0, 0, 21, 0, 0, 0, 0, 0, 0, 0, 0, 0, 0, 0, 0, 0, 0, 21
"c:\Users\Bobby\Desktop\sports\config\tuned_params\seriea_random_forest.json", "JSON", 0, 0, 21, 0, 0, 0, 0, 0, 0, 0, 0, 0, 0, 0, 0, 0, 0, 21
"c:\Users\Bobby\Desktop\sports\config\versions.yml", "YAML", 0, 0, 0, 0, 0, 0, 0, 0, 0, 0, 0, 0, 0, 0, 8, 0, 1, 9
"c:\Users\Bobby\Desktop\sports\debug_ensemble_features.py", "Python", 34, 0, 0, 0, 0, 0, 0, 0, 0, 0, 0, 0, 0, 0, 0, 3, 9, 46
"c:\Users\Bobby\Desktop\sports\debug_ensemble_ncaab.py", "Python", 47, 0, 0, 0, 0, 0, 0, 0, 0, 0, 0, 0, 0, 0, 0, 3, 10, 60
"c:\Users\Bobby\Desktop\sports\debug_merge.py", "Python", 41, 0, 0, 0, 0, 0, 0, 0, 0, 0, 0, 0, 0, 0, 0, 5, 10, 56
"c:\Users\Bobby\Desktop\sports\debug_odds.py", "Python", 19, 0, 0, 0, 0, 0, 0, 0, 0, 0, 0, 0, 0, 0, 0, 1, 3, 23
"c:\Users\Bobby\Desktop\sports\debug_odds_betrivers.py", "Python", 20, 0, 0, 0, 0, 0, 0, 0, 0, 0, 0, 0, 0, 0, 0, 1, 3, 24
"c:\Users\Bobby\Desktop\sports\docs\ARCHITECTURE.md", "Markdown", 0, 87, 0, 0, 0, 0, 0, 0, 0, 0, 0, 0, 0, 0, 0, 0, 20, 107
"c:\Users\Bobby\Desktop\sports\docs\DATA_QUALITY_REVIEW.md", "Markdown", 0, 64, 0, 0, 0, 0, 0, 0, 0, 0, 0, 0, 0, 0, 0, 0, 14, 78
"c:\Users\Bobby\Desktop\sports\docs\FEATURE_IMPORTANCE_SUMMARY.md", "Markdown", 0, 41, 0, 0, 0, 0, 0, 0, 0, 0, 0, 0, 0, 0, 0, 0, 15, 56
"c:\Users\Bobby\Desktop\sports\docs\FIXES_SUMMARY.md", "Markdown", 0, 191, 0, 0, 0, 0, 0, 0, 0, 0, 0, 0, 0, 0, 0, 0, 58, 249
"c:\Users\Bobby\Desktop\sports\docs\HOURLY_AUTOMATION_SETUP.md", "Markdown", 0, 133, 0, 0, 0, 0, 0, 0, 0, 0, 0, 0, 0, 0, 0, 0, 42, 175
"c:\Users\Bobby\Desktop\sports\docs\IMPLEMENTATION_SUMMARY.md", "Markdown", 0, 85, 0, 0, 0, 0, 0, 0, 0, 0, 0, 0, 0, 0, 0, 0, 32, 117
"c:\Users\Bobby\Desktop\sports\docs\PIPELINE.md", "Markdown", 0, 87, 0, 0, 0, 0, 0, 0, 0, 0, 0, 0, 0, 0, 0, 0, 24, 111
"c:\Users\Bobby\Desktop\sports\docs\PREDICTION_DATA_MANAGEMENT.md", "Markdown", 0, 50, 0, 0, 0, 0, 0, 0, 0, 0, 0, 0, 0, 0, 0, 0, 19, 69
"c:\Users\Bobby\Desktop\sports\docs\QUICK_START_FORWARD_TESTING.md", "Markdown", 0, 131, 0, 0, 0, 0, 0, 0, 0, 0, 0, 0, 0, 0, 0, 0, 47, 178
"c:\Users\Bobby\Desktop\sports\docs\README_FORWARD_TESTING.md", "Markdown", 0, 87, 0, 0, 0, 0, 0, 0, 0, 0, 0, 0, 0, 0, 0, 0, 37, 124
"c:\Users\Bobby\Desktop\sports\docs\SCHEDULED_TASKS_STATUS.md", "Markdown", 0, 101, 0, 0, 0, 0, 0, 0, 0, 0, 0, 0, 0, 0, 0, 0, 34, 135
"c:\Users\Bobby\Desktop\sports\docs\SETUP_SCHEDULED_TASKS.md", "Markdown", 0, 165, 0, 0, 0, 0, 0, 0, 0, 0, 0, 0, 0, 0, 0, 0, 70, 235
"c:\Users\Bobby\Desktop\sports\docs\TASKS_VERIFICATION_COMPLETE.md", "Markdown", 0, 64, 0, 0, 0, 0, 0, 0, 0, 0, 0, 0, 0, 0, 0, 0, 21, 85
"c:\Users\Bobby\Desktop\sports\docs\TEST_RESULTS.md", "Markdown", 0, 61, 0, 0, 0, 0, 0, 0, 0, 0, 0, 0, 0, 0, 0, 0, 23, 84
"c:\Users\Bobby\Desktop\sports\docs\confidence_validation.md", "Markdown", 0, 86, 0, 0, 0, 0, 0, 0, 0, 0, 0, 0, 0, 0, 0, 0, 29, 115
"c:\Users\Bobby\Desktop\sports\docs\dashboard.md", "Markdown", 0, 63, 0, 0, 0, 0, 0, 0, 0, 0, 0, 0, 0, 0, 0, 0, 114, 177
"c:\Users\Bobby\Desktop\sports\docs\data-sources.md", "Markdown", 0, 115, 0, 0, 0, 0, 0, 0, 0, 0, 0, 0, 0, 0, 0, 0, 24, 139
"c:\Users\Bobby\Desktop\sports\docs\database-schema.md", "Markdown", 0, 626, 0, 0, 0, 0, 0, 0, 0, 0, 0, 0, 0, 0, 0, 0, 137, 763
"c:\Users\Bobby\Desktop\sports\docs\database.md", "Markdown", 0, 15, 0, 0, 0, 0, 0, 0, 0, 0, 0, 0, 0, 0, 0, 0, 7, 22
"c:\Users\Bobby\Desktop\sports\docs\kaggle-setup.md", "Markdown", 0, 33, 0, 0, 0, 0, 0, 0, 0, 0, 0, 0, 0, 0, 0, 0, 13, 46
"c:\Users\Bobby\Desktop\sports\docs\modeling-pipeline.md", "Markdown", 0, 17, 0, 0, 0, 0, 0, 0, 0, 0, 0, 0, 0, 0, 0, 0, 7, 24
"c:\Users\Bobby\Desktop\sports\docs\nba_enhancements.md", "Markdown", 0, 37, 0, 0, 0, 0, 0, 0, 0, 0, 0, 0, 0, 0, 0, 0, 17, 54
"c:\Users\Bobby\Desktop\sports\docs\product_requirements.md", "Markdown", 0, 85, 0, 0, 0, 0, 0, 0, 0, 0, 0, 0, 0, 0, 0, 0, 19, 104
"c:\Users\Bobby\Desktop\sports\docs\scheduled_tasks_setup.md", "Markdown", 0, 156, 0, 0, 0, 0, 0, 0, 0, 0, 0, 0, 0, 0, 0, 0, 62, 218
"c:\Users\Bobby\Desktop\sports\docs\scraping_blockages.md", "Markdown", 0, 38, 0, 0, 0, 0, 0, 0, 0, 0, 0, 0, 0, 0, 0, 0, 14, 52
"c:\Users\Bobby\Desktop\sports\docs\soccer_feature_schema.md", "Markdown", 0, 64, 0, 0, 0, 0, 0, 0, 0, 0, 0, 0, 0, 0, 0, 0, 21, 85
"c:\Users\Bobby\Desktop\sports\docs\software_requirements_specification.md", "Markdown", 0, 159, 0, 0, 0, 0, 0, 0, 0, 0, 0, 0, 0, 0, 0, 0, 43, 202
"c:\Users\Bobby\Desktop\sports\docs\storage-layout.md", "Markdown", 0, 19, 0, 0, 0, 0, 0, 0, 0, 0, 0, 0, 0, 0, 0, 0, 5, 24
"c:\Users\Bobby\Desktop\sports\espn_debug.json", "JSON", 0, 0, 20365, 0, 0, 0, 0, 0, 0, 0, 0, 0, 0, 0, 0, 0, 0, 20365
"c:\Users\Bobby\Desktop\sports\espn_nov25.json", "JSON", 0, 0, 20365, 0, 0, 0, 0, 0, 0, 0, 0, 0, 0, 0, 0, 0, 0, 20365
"c:\Users\Bobby\Desktop\sports\find_all_games.py", "Python", 16, 0, 0, 0, 0, 0, 0, 0, 0, 0, 0, 0, 0, 0, 0, 0, 6, 22
"c:\Users\Bobby\Desktop\sports\find_game.py", "Python", 23, 0, 0, 0, 0, 0, 0, 0, 0, 0, 0, 0, 0, 0, 0, 0, 6, 29
"c:\Users\Bobby\Desktop\sports\find_game_ensemble.py", "Python", 23, 0, 0, 0, 0, 0, 0, 0, 0, 0, 0, 0, 0, 0, 0, 0, 6, 29
"c:\Users\Bobby\Desktop\sports\find_game_gb.py", "Python", 23, 0, 0, 0, 0, 0, 0, 0, 0, 0, 0, 0, 0, 0, 0, 0, 6, 29
"c:\Users\Bobby\Desktop\sports\find_specific_game.py", "Python", 16, 0, 0, 0, 0, 0, 0, 0, 0, 0, 0, 0, 0, 0, 0, 0, 3, 19
"c:\Users\Bobby\Desktop\sports\find_wizards.py", "Python", 13, 0, 0, 0, 0, 0, 0, 0, 0, 0, 0, 0, 0, 0, 0, 0, 4, 17
"c:\Users\Bobby\Desktop\sports\fix_quotes.py", "Python", 7, 0, 0, 0, 0, 0, 0, 0, 0, 0, 0, 0, 0, 0, 0, 1, 4, 12
"c:\Users\Bobby\Desktop\sports\game_details.json", "JSON", 0, 0, 31, 0, 0, 0, 0, 0, 0, 0, 0, 0, 0, 0, 0, 0, 0, 31
"c:\Users\Bobby\Desktop\sports\game_ensemble.json", "JSON", 0, 0, 31, 0, 0, 0, 0, 0, 0, 0, 0, 0, 0, 0, 0, 0, 0, 31
"c:\Users\Bobby\Desktop\sports\game_gb.json", "JSON", 0, 0, 31, 0, 0, 0, 0, 0, 0, 0, 0, 0, 0, 0, 0, 0, 0, 31
"c:\Users\Bobby\Desktop\sports\get_ensemble_features.py", "Python", 30, 0, 0, 0, 0, 0, 0, 0, 0, 0, 0, 0, 0, 0, 0, 2, 9, 41
"c:\Users\Bobby\Desktop\sports\inspect_model.py", "Python", 16, 0, 0, 0, 0, 0, 0, 0, 0, 0, 0, 0, 0, 0, 0, 0, 3, 19
"c:\Users\Bobby\Desktop\sports\list_models.py", "Python", 5, 0, 0, 0, 0, 0, 0, 0, 0, 0, 0, 0, 0, 0, 0, 0, 3, 8
"c:\Users\Bobby\Desktop\sports\list_tables.py", "Python", 6, 0, 0, 0, 0, 0, 0, 0, 0, 0, 0, 0, 0, 0, 0, 0, 2, 8
"c:\Users\Bobby\Desktop\sports\logs\forward_test_predict_20251103.log", "Log", 0, 0, 0, 44, 0, 0, 0, 0, 0, 0, 0, 0, 0, 0, 0, 0, 1, 45
"c:\Users\Bobby\Desktop\sports\logs\forward_test_predict_20251104.log", "Log", 0, 0, 0, 145, 0, 0, 0, 0, 0, 0, 0, 0, 0, 0, 0, 0, 1, 146
"c:\Users\Bobby\Desktop\sports\logs\forward_test_predict_20251105.log", "Log", 0, 0, 0, 67, 0, 0, 0, 0, 0, 0, 0, 0, 0, 0, 0, 0, 1, 68
"c:\Users\Bobby\Desktop\sports\logs\forward_test_predict_20251106.log", "Log", 0, 0, 0, 1369, 0, 0, 0, 0, 0, 0, 0, 0, 0, 0, 0, 0, 1, 1370
"c:\Users\Bobby\Desktop\sports\logs\forward_test_predict_20251107.log", "Log", 0, 0, 0, 385, 0, 0, 0, 0, 0, 0, 0, 0, 0, 0, 0, 0, 1, 386
"c:\Users\Bobby\Desktop\sports\logs\forward_test_predict_20251111.log", "Log", 0, 0, 0, 2, 0, 0, 0, 0, 0, 0, 0, 0, 0, 0, 0, 0, 1, 3
"c:\Users\Bobby\Desktop\sports\logs\forward_test_predict_cfb_20251104.log", "Log", 0, 0, 0, 28, 0, 0, 0, 0, 0, 0, 0, 0, 0, 0, 0, 0, 1, 29
"c:\Users\Bobby\Desktop\sports\logs\forward_test_update_20251103.log", "Log", 0, 0, 0, 20, 0, 0, 0, 0, 0, 0, 0, 0, 0, 0, 0, 0, 1, 21
"c:\Users\Bobby\Desktop\sports\logs\forward_test_update_20251104.log", "Log", 0, 0, 0, 67, 0, 0, 0, 0, 0, 0, 0, 0, 0, 0, 0, 0, 1, 68
"c:\Users\Bobby\Desktop\sports\logs\forward_test_update_20251105.log", "Log", 0, 0, 0, 400, 0, 0, 0, 0, 0, 0, 0, 0, 0, 0, 0, 0, 1, 401
"c:\Users\Bobby\Desktop\sports\logs\forward_test_update_20251106.log", "Log", 0, 0, 0, 229, 0, 0, 0, 0, 0, 0, 0, 0, 0, 0, 0, 0, 1, 230
"c:\Users\Bobby\Desktop\sports\logs\forward_test_update_20251107.log", "Log", 0, 0, 0, 174, 0, 0, 0, 0, 0, 0, 0, 0, 0, 0, 0, 0, 1, 175
"c:\Users\Bobby\Desktop\sports\logs\forward_test_update_cfb_20251104.log", "Log", 0, 0, 0, 11, 0, 0, 0, 0, 0, 0, 0, 0, 0, 0, 0, 0, 1, 12
"c:\Users\Bobby\Desktop\sports\logs\hourly_pipeline_20251108_020001.log", "Log", 0, 0, 0, 35, 0, 0, 0, 0, 0, 0, 0, 0, 0, 0, 0, 0, 1, 36
"c:\Users\Bobby\Desktop\sports\logs\hourly_pipeline_20251108_024958.log", "Log", 0, 0, 0, 35, 0, 0, 0, 0, 0, 0, 0, 0, 0, 0, 0, 0, 1, 36
"c:\Users\Bobby\Desktop\sports\logs\hourly_pipeline_20251108_025012.log", "Log", 0, 0, 0, 41, 0, 0, 0, 0, 0, 0, 0, 0, 0, 0, 0, 0, 1, 42
"c:\Users\Bobby\Desktop\sports\logs\hourly_pipeline_20251108_025021.log", "Log", 0, 0, 0, 41, 0, 0, 0, 0, 0, 0, 0, 0, 0, 0, 0, 0, 1, 42
"c:\Users\Bobby\Desktop\sports\logs\hourly_pipeline_20251108_025233.log", "Log", 0, 0, 0, 42, 0, 0, 0, 0, 0, 0, 0, 0, 0, 0, 0, 0, 1, 43
"c:\Users\Bobby\Desktop\sports\logs\hourly_pipeline_20251108_030002.log", "Log", 0, 0, 0, 35, 0, 0, 0, 0, 0, 0, 0, 0, 0, 0, 0, 0, 1, 36
"c:\Users\Bobby\Desktop\sports\logs\hourly_pipeline_20251108_030521.log", "Log", 0, 0, 0, 24, 0, 0, 0, 0, 0, 0, 0, 0, 0, 0, 0, 0, 1, 25
"c:\Users\Bobby\Desktop\sports\logs\hourly_pipeline_20251108_030739.log", "Log", 0, 0, 0, 35, 0, 0, 0, 0, 0, 0, 0, 0, 0, 0, 0, 0, 1, 36
"c:\Users\Bobby\Desktop\sports\logs\hourly_pipeline_20251108_030949.log", "Log", 0, 0, 0, 25, 0, 0, 0, 0, 0, 0, 0, 0, 0, 0, 0, 0, 1, 26
"c:\Users\Bobby\Desktop\sports\logs\hourly_pipeline_20251108_031637.log", "Log", 0, 0, 0, 28, 0, 0, 0, 0, 0, 0, 0, 0, 0, 0, 0, 0, 1, 29
"c:\Users\Bobby\Desktop\sports\logs\hourly_pipeline_20251108_110006.log", "Log", 0, 0, 0, 54, 0, 0, 0, 0, 0, 0, 0, 0, 0, 0, 0, 0, 1, 55
"c:\Users\Bobby\Desktop\sports\logs\hourly_pipeline_20251108_110038.log", "Log", 0, 0, 0, 54, 0, 0, 0, 0, 0, 0, 0, 0, 0, 0, 0, 0, 1, 55
"c:\Users\Bobby\Desktop\sports\logs\hourly_pipeline_20251108_110528.log", "Log", 0, 0, 0, 43, 0, 0, 0, 0, 0, 0, 0, 0, 0, 0, 0, 0, 1, 44
"c:\Users\Bobby\Desktop\sports\logs\hourly_pipeline_20251108_112112.log", "Log", 0, 0, 0, 48, 0, 0, 0, 0, 0, 0, 0, 0, 0, 0, 0, 0, 1, 49
"c:\Users\Bobby\Desktop\sports\logs\hourly_pipeline_20251108_114146.log", "Log", 0, 0, 0, 46, 0, 0, 0, 0, 0, 0, 0, 0, 0, 0, 0, 0, 1, 47
"c:\Users\Bobby\Desktop\sports\logs\hourly_pipeline_20251108_114837.log", "Log", 0, 0, 0, 48, 0, 0, 0, 0, 0, 0, 0, 0, 0, 0, 0, 0, 1, 49
"c:\Users\Bobby\Desktop\sports\logs\hourly_pipeline_20251108_125912.log", "Log", 0, 0, 0, 43, 0, 0, 0, 0, 0, 0, 0, 0, 0, 0, 0, 0, 1, 44
"c:\Users\Bobby\Desktop\sports\logs\hourly_pipeline_20251108_130503.log", "Log", 0, 0, 0, 43, 0, 0, 0, 0, 0, 0, 0, 0, 0, 0, 0, 0, 1, 44
"c:\Users\Bobby\Desktop\sports\logs\hourly_pipeline_20251108_132729.log", "Log", 0, 0, 0, 23, 0, 0, 0, 0, 0, 0, 0, 0, 0, 0, 0, 0, 1, 24
"c:\Users\Bobby\Desktop\sports\logs\hourly_pipeline_20251108_140001.log", "Log", 0, 0, 0, 39, 0, 0, 0, 0, 0, 0, 0, 0, 0, 0, 0, 0, 1, 40
"c:\Users\Bobby\Desktop\sports\logs\hourly_pipeline_20251109_020001.log", "Log", 0, 0, 0, 42, 0, 0, 0, 0, 0, 0, 0, 0, 0, 0, 0, 0, 1, 43
"c:\Users\Bobby\Desktop\sports\logs\hourly_pipeline_20251109_140001.log", "Log", 0, 0, 0, 42, 0, 0, 0, 0, 0, 0, 0, 0, 0, 0, 0, 0, 1, 43
"c:\Users\Bobby\Desktop\sports\logs\hourly_pipeline_20251109_225311.log", "Log", 0, 0, 0, 42, 0, 0, 0, 0, 0, 0, 0, 0, 0, 0, 0, 0, 1, 43
"c:\Users\Bobby\Desktop\sports\logs\hourly_pipeline_20251109_225324.log", "Log", 0, 0, 0, 42, 0, 0, 0, 0, 0, 0, 0, 0, 0, 0, 0, 0, 1, 43
"c:\Users\Bobby\Desktop\sports\logs\hourly_pipeline_20251109_225356.log", "Log", 0, 0, 0, 42, 0, 0, 0, 0, 0, 0, 0, 0, 0, 0, 0, 0, 1, 43
"c:\Users\Bobby\Desktop\sports\logs\hourly_pipeline_20251109_232052.log", "Log", 0, 0, 0, 40, 0, 0, 0, 0, 0, 0, 0, 0, 0, 0, 0, 0, 1, 41
"c:\Users\Bobby\Desktop\sports\logs\hourly_pipeline_20251110_000226.log", "Log", 0, 0, 0, 40, 0, 0, 0, 0, 0, 0, 0, 0, 0, 0, 0, 0, 1, 41
"c:\Users\Bobby\Desktop\sports\logs\hourly_pipeline_20251110_003537.log", "Log", 0, 0, 0, 40, 0, 0, 0, 0, 0, 0, 0, 0, 0, 0, 0, 0, 1, 41
"c:\Users\Bobby\Desktop\sports\logs\hourly_pipeline_20251110_020002.log", "Log", 0, 0, 0, 40, 0, 0, 0, 0, 0, 0, 0, 0, 0, 0, 0, 0, 1, 41
"c:\Users\Bobby\Desktop\sports\logs\hourly_pipeline_20251110_140002.log", "Log", 0, 0, 0, 40, 0, 0, 0, 0, 0, 0, 0, 0, 0, 0, 0, 0, 1, 41
"c:\Users\Bobby\Desktop\sports\logs\hourly_pipeline_20251110_170913.log", "Log", 0, 0, 0, 33, 0, 0, 0, 0, 0, 0, 0, 0, 0, 0, 0, 0, 1, 34
"c:\Users\Bobby\Desktop\sports\logs\hourly_pipeline_20251110_180614.log", "Log", 0, 0, 0, 40, 0, 0, 0, 0, 0, 0, 0, 0, 0, 0, 0, 0, 1, 41
"c:\Users\Bobby\Desktop\sports\logs\hourly_pipeline_20251110_181453.log", "Log", 0, 0, 0, 43, 0, 0, 0, 0, 0, 0, 0, 0, 0, 0, 0, 0, 1, 44
"c:\Users\Bobby\Desktop\sports\logs\hourly_pipeline_20251110_182526.log", "Log", 0, 0, 0, 30, 0, 0, 0, 0, 0, 0, 0, 0, 0, 0, 0, 0, 1, 31
"c:\Users\Bobby\Desktop\sports\logs\hourly_pipeline_20251110_183117.log", "Log", 0, 0, 0, 30, 0, 0, 0, 0, 0, 0, 0, 0, 0, 0, 0, 0, 1, 31
"c:\Users\Bobby\Desktop\sports\logs\hourly_pipeline_20251110_184026.log", "Log", 0, 0, 0, 40, 0, 0, 0, 0, 0, 0, 0, 0, 0, 0, 0, 0, 1, 41
"c:\Users\Bobby\Desktop\sports\logs\hourly_pipeline_20251110_185047.log", "Log", 0, 0, 0, 4, 0, 0, 0, 0, 0, 0, 0, 0, 0, 0, 0, 0, 1, 5
"c:\Users\Bobby\Desktop\sports\logs\hourly_pipeline_20251110_192844.log", "Log", 0, 0, 0, 40, 0, 0, 0, 0, 0, 0, 0, 0, 0, 0, 0, 0, 1, 41
"c:\Users\Bobby\Desktop\sports\logs\hourly_pipeline_20251110_200744.log", "Log", 0, 0, 0, 51, 0, 0, 0, 0, 0, 0, 0, 0, 0, 0, 0, 0, 1, 52
"c:\Users\Bobby\Desktop\sports\logs\hourly_pipeline_20251110_201628.log", "Log", 0, 0, 0, 40, 0, 0, 0, 0, 0, 0, 0, 0, 0, 0, 0, 0, 1, 41
"c:\Users\Bobby\Desktop\sports\logs\hourly_pipeline_20251110_203248.log", "Log", 0, 0, 0, 43, 0, 0, 0, 0, 0, 0, 0, 0, 0, 0, 0, 0, 1, 44
"c:\Users\Bobby\Desktop\sports\logs\hourly_pipeline_20251110_203657.log", "Log", 0, 0, 0, 44, 0, 0, 0, 0, 0, 0, 0, 0, 0, 0, 0, 0, 1, 45
"c:\Users\Bobby\Desktop\sports\logs\hourly_pipeline_20251110_222622.log", "Log", 0, 0, 0, 56, 0, 0, 0, 0, 0, 0, 0, 0, 0, 0, 0, 0, 1, 57
"c:\Users\Bobby\Desktop\sports\logs\hourly_pipeline_20251111_020002.log", "Log", 0, 0, 0, 52, 0, 0, 0, 0, 0, 0, 0, 0, 0, 0, 0, 0, 1, 53
"c:\Users\Bobby\Desktop\sports\logs\hourly_pipeline_20251111_140003.log", "Log", 0, 0, 0, 59, 0, 0, 0, 0, 0, 0, 0, 0, 0, 0, 0, 0, 1, 60
"c:\Users\Bobby\Desktop\sports\logs\hourly_pipeline_20251111_210311.log", "Log", 0, 0, 0, 10, 0, 0, 0, 0, 0, 0, 0, 0, 0, 0, 0, 0, 1, 11
"c:\Users\Bobby\Desktop\sports\logs\hourly_pipeline_20251111_210626.log", "Log", 0, 0, 0, 10, 0, 0, 0, 0, 0, 0, 0, 0, 0, 0, 0, 0, 1, 11
"c:\Users\Bobby\Desktop\sports\logs\hourly_pipeline_20251111_212413.log", "Log", 0, 0, 0, 10, 0, 0, 0, 0, 0, 0, 0, 0, 0, 0, 0, 0, 1, 11
"c:\Users\Bobby\Desktop\sports\logs\hourly_pipeline_20251111_212935.log", "Log", 0, 0, 0, 10, 0, 0, 0, 0, 0, 0, 0, 0, 0, 0, 0, 0, 1, 11
"c:\Users\Bobby\Desktop\sports\logs\hourly_pipeline_20251111_213652.log", "Log", 0, 0, 0, 59, 0, 0, 0, 0, 0, 0, 0, 0, 0, 0, 0, 0, 1, 60
"c:\Users\Bobby\Desktop\sports\logs\hourly_pipeline_20251111_222631.log", "Log", 0, 0, 0, 59, 0, 0, 0, 0, 0, 0, 0, 0, 0, 0, 0, 0, 1, 60
"c:\Users\Bobby\Desktop\sports\logs\hourly_pipeline_20251112_000737.log", "Log", 0, 0, 0, 59, 0, 0, 0, 0, 0, 0, 0, 0, 0, 0, 0, 0, 1, 60
"c:\Users\Bobby\Desktop\sports\logs\hourly_pipeline_20251112_020002.log", "Log", 0, 0, 0, 59, 0, 0, 0, 0, 0, 0, 0, 0, 0, 0, 0, 0, 1, 60
"c:\Users\Bobby\Desktop\sports\logs\hourly_pipeline_20251112_093037.log", "Log", 0, 0, 0, 5, 0, 0, 0, 0, 0, 0, 0, 0, 0, 0, 0, 0, 1, 6
"c:\Users\Bobby\Desktop\sports\logs\hourly_pipeline_20251112_140001.log", "Log", 0, 0, 0, 59, 0, 0, 0, 0, 0, 0, 0, 0, 0, 0, 0, 0, 1, 60
"c:\Users\Bobby\Desktop\sports\logs\hourly_pipeline_20251113_000533.log", "Log", 0, 0, 0, 59, 0, 0, 0, 0, 0, 0, 0, 0, 0, 0, 0, 0, 1, 60
"c:\Users\Bobby\Desktop\sports\logs\hourly_pipeline_20251113_034146.log", "Log", 0, 0, 0, 59, 0, 0, 0, 0, 0, 0, 0, 0, 0, 0, 0, 0, 1, 60
"c:\Users\Bobby\Desktop\sports\logs\hourly_pipeline_20251113_140002.log", "Log", 0, 0, 0, 59, 0, 0, 0, 0, 0, 0, 0, 0, 0, 0, 0, 0, 1, 60
"c:\Users\Bobby\Desktop\sports\logs\hourly_pipeline_20251114_020002.log", "Log", 0, 0, 0, 59, 0, 0, 0, 0, 0, 0, 0, 0, 0, 0, 0, 0, 1, 60
"c:\Users\Bobby\Desktop\sports\logs\hourly_pipeline_20251114_140001.log", "Log", 0, 0, 0, 59, 0, 0, 0, 0, 0, 0, 0, 0, 0, 0, 0, 0, 1, 60
"c:\Users\Bobby\Desktop\sports\logs\hourly_pipeline_20251115_105658.log", "Log", 0, 0, 0, 59, 0, 0, 0, 0, 0, 0, 0, 0, 0, 0, 0, 0, 1, 60
"c:\Users\Bobby\Desktop\sports\logs\hourly_pipeline_20251115_140001.log", "Log", 0, 0, 0, 59, 0, 0, 0, 0, 0, 0, 0, 0, 0, 0, 0, 0, 1, 60
"c:\Users\Bobby\Desktop\sports\logs\hourly_pipeline_20251116_111923.log", "Log", 0, 0, 0, 59, 0, 0, 0, 0, 0, 0, 0, 0, 0, 0, 0, 0, 1, 60
"c:\Users\Bobby\Desktop\sports\logs\hourly_pipeline_20251116_140001.log", "Log", 0, 0, 0, 59, 0, 0, 0, 0, 0, 0, 0, 0, 0, 0, 0, 0, 1, 60
"c:\Users\Bobby\Desktop\sports\logs\hourly_pipeline_20251116_215759.log", "Log", 0, 0, 0, 59, 0, 0, 0, 0, 0, 0, 0, 0, 0, 0, 0, 0, 1, 60
"c:\Users\Bobby\Desktop\sports\logs\hourly_pipeline_20251116_223302.log", "Log", 0, 0, 0, 68, 0, 0, 0, 0, 0, 0, 0, 0, 0, 0, 0, 0, 1, 69
"c:\Users\Bobby\Desktop\sports\logs\hourly_pipeline_20251117_103036.log", "Log", 0, 0, 0, 68, 0, 0, 0, 0, 0, 0, 0, 0, 0, 0, 0, 0, 1, 69
"c:\Users\Bobby\Desktop\sports\logs\hourly_pipeline_20251117_150621.log", "Log", 0, 0, 0, 68, 0, 0, 0, 0, 0, 0, 0, 0, 0, 0, 0, 0, 1, 69
"c:\Users\Bobby\Desktop\sports\logs\hourly_pipeline_20251117_205525.log", "Log", 0, 0, 0, 68, 0, 0, 0, 0, 0, 0, 0, 0, 0, 0, 0, 0, 1, 69
"c:\Users\Bobby\Desktop\sports\logs\hourly_pipeline_20251118_063053.log", "Log", 0, 0, 0, 68, 0, 0, 0, 0, 0, 0, 0, 0, 0, 0, 0, 0, 1, 69
"c:\Users\Bobby\Desktop\sports\logs\hourly_pipeline_20251118_152236.log", "Log", 0, 0, 0, 68, 0, 0, 0, 0, 0, 0, 0, 0, 0, 0, 0, 0, 1, 69
"c:\Users\Bobby\Desktop\sports\logs\hourly_pipeline_20251119_103253.log", "Log", 0, 0, 0, 69, 0, 0, 0, 0, 0, 0, 0, 0, 0, 0, 0, 0, 1, 70
"c:\Users\Bobby\Desktop\sports\logs\hourly_pipeline_20251119_140001.log", "Log", 0, 0, 0, 22, 0, 0, 0, 0, 0, 0, 0, 0, 0, 0, 0, 0, 1, 23
"c:\Users\Bobby\Desktop\sports\logs\hourly_pipeline_20251119_235149.log", "Log", 0, 0, 0, 81, 0, 0, 0, 0, 0, 0, 0, 0, 0, 0, 0, 0, 1, 82
"c:\Users\Bobby\Desktop\sports\logs\hourly_pipeline_20251120_092457.log", "Log", 0, 0, 0, 81, 0, 0, 0, 0, 0, 0, 0, 0, 0, 0, 0, 0, 1, 82
"c:\Users\Bobby\Desktop\sports\logs\hourly_pipeline_20251120_152005.log", "Log", 0, 0, 0, 81, 0, 0, 0, 0, 0, 0, 0, 0, 0, 0, 0, 0, 1, 82
"c:\Users\Bobby\Desktop\sports\logs\hourly_pipeline_20251121_001034.log", "Log", 0, 0, 0, 11, 0, 0, 0, 0, 0, 0, 0, 0, 0, 0, 0, 0, 1, 12
"c:\Users\Bobby\Desktop\sports\logs\hourly_pipeline_20251121_001636.log", "Log", 0, 0, 0, 81, 0, 0, 0, 0, 0, 0, 0, 0, 0, 0, 0, 0, 1, 82
"c:\Users\Bobby\Desktop\sports\logs\hourly_pipeline_20251121_130322.log", "Log", 0, 0, 0, 81, 0, 0, 0, 0, 0, 0, 0, 0, 0, 0, 0, 0, 1, 82
"c:\Users\Bobby\Desktop\sports\logs\hourly_pipeline_20251121_150252.log", "Log", 0, 0, 0, 81, 0, 0, 0, 0, 0, 0, 0, 0, 0, 0, 0, 0, 1, 82
"c:\Users\Bobby\Desktop\sports\logs\hourly_pipeline_20251121_152550.log", "Log", 0, 0, 0, 81, 0, 0, 0, 0, 0, 0, 0, 0, 0, 0, 0, 0, 1, 82
"c:\Users\Bobby\Desktop\sports\logs\hourly_pipeline_20251121_172916.log", "Log", 0, 0, 0, 81, 0, 0, 0, 0, 0, 0, 0, 0, 0, 0, 0, 0, 1, 82
"c:\Users\Bobby\Desktop\sports\logs\hourly_pipeline_20251121_185738.log", "Log", 0, 0, 0, 81, 0, 0, 0, 0, 0, 0, 0, 0, 0, 0, 0, 0, 1, 82
"c:\Users\Bobby\Desktop\sports\logs\hourly_pipeline_20251122_193430.log", "Log", 0, 0, 0, 81, 0, 0, 0, 0, 0, 0, 0, 0, 0, 0, 0, 0, 1, 82
"c:\Users\Bobby\Desktop\sports\logs\hourly_pipeline_20251122_200710.log", "Log", 0, 0, 0, 141, 0, 0, 0, 0, 0, 0, 0, 0, 0, 0, 0, 0, 1, 142
"c:\Users\Bobby\Desktop\sports\logs\hourly_pipeline_20251123_110114.log", "Log", 0, 0, 0, 143, 0, 0, 0, 0, 0, 0, 0, 0, 0, 0, 0, 0, 1, 144
"c:\Users\Bobby\Desktop\sports\logs\hourly_pipeline_20251123_195702.log", "Log", 0, 0, 0, 143, 0, 0, 0, 0, 0, 0, 0, 0, 0, 0, 0, 0, 1, 144
"c:\Users\Bobby\Desktop\sports\logs\hourly_pipeline_20251123_220244.log", "Log", 0, 0, 0, 12, 0, 0, 0, 0, 0, 0, 0, 0, 0, 0, 0, 0, 1, 13
"c:\Users\Bobby\Desktop\sports\logs\hourly_pipeline_20251123_220818.log", "Log", 0, 0, 0, 143, 0, 0, 0, 0, 0, 0, 0, 0, 0, 0, 0, 0, 1, 144
"c:\Users\Bobby\Desktop\sports\logs\hourly_pipeline_20251124_112405.log", "Log", 0, 0, 0, 143, 0, 0, 0, 0, 0, 0, 0, 0, 0, 0, 0, 0, 1, 144
"c:\Users\Bobby\Desktop\sports\logs\hourly_pipeline_20251124_182147.log", "Log", 0, 0, 0, 143, 0, 0, 0, 0, 0, 0, 0, 0, 0, 0, 0, 0, 1, 144
"c:\Users\Bobby\Desktop\sports\logs\pipeline_20251204_195200.log", "Log", 0, 0, 0, 11117, 0, 0, 0, 0, 0, 0, 0, 0, 0, 0, 0, 0, 138, 11255
"c:\Users\Bobby\Desktop\sports\logs\pipeline_20251204_200221.log", "Log", 0, 0, 0, 9567, 0, 0, 0, 0, 0, 0, 0, 0, 0, 0, 0, 0, 18, 9585
"c:\Users\Bobby\Desktop\sports\logs\pipeline_20251204_200442.log", "Log", 0, 0, 0, 9455, 0, 0, 0, 0, 0, 0, 0, 0, 0, 0, 0, 0, 15, 9470
"c:\Users\Bobby\Desktop\sports\logs\pipeline_20251207_002330.log", "Log", 0, 0, 0, 1221, 0, 0, 0, 0, 0, 0, 0, 0, 0, 0, 0, 0, 3, 1224
"c:\Users\Bobby\Desktop\sports\logs\pipeline_20251207_232314.log", "Log", 0, 0, 0, 1048, 0, 0, 0, 0, 0, 0, 0, 0, 0, 0, 0, 0, 3, 1051
"c:\Users\Bobby\Desktop\sports\logs\pipeline_20251208_223255.log", "Log", 0, 0, 0, 1156, 0, 0, 0, 0, 0, 0, 0, 0, 0, 0, 0, 0, 3, 1159
"c:\Users\Bobby\Desktop\sports\logs\predict_pipeline_20251124_185426.log", "Log", 0, 0, 0, 84, 0, 0, 0, 0, 0, 0, 0, 0, 0, 0, 0, 0, 1, 85
"c:\Users\Bobby\Desktop\sports\logs\predict_pipeline_20251124_190850.log", "Log", 0, 0, 0, 16, 0, 0, 0, 0, 0, 0, 0, 0, 0, 0, 0, 0, 1, 17
"c:\Users\Bobby\Desktop\sports\logs\predict_pipeline_20251124_190935.log", "Log", 0, 0, 0, 12, 0, 0, 0, 0, 0, 0, 0, 0, 0, 0, 0, 0, 1, 13
"c:\Users\Bobby\Desktop\sports\logs\predict_pipeline_20251124_191007.log", "Log", 0, 0, 0, 13, 0, 0, 0, 0, 0, 0, 0, 0, 0, 0, 0, 0, 1, 14
"c:\Users\Bobby\Desktop\sports\logs\predict_pipeline_20251124_191047.log", "Log", 0, 0, 0, 13, 0, 0, 0, 0, 0, 0, 0, 0, 0, 0, 0, 0, 1, 14
"c:\Users\Bobby\Desktop\sports\logs\predict_pipeline_20251124_191121.log", "Log", 0, 0, 0, 18, 0, 0, 0, 0, 0, 0, 0, 0, 0, 0, 0, 0, 1, 19
"c:\Users\Bobby\Desktop\sports\logs\predict_pipeline_20251124_191703.log", "Log", 0, 0, 0, 84, 0, 0, 0, 0, 0, 0, 0, 0, 0, 0, 0, 0, 1, 85
"c:\Users\Bobby\Desktop\sports\logs\predict_pipeline_20251124_214913.log", "Log", 0, 0, 0, 84, 0, 0, 0, 0, 0, 0, 0, 0, 0, 0, 0, 0, 1, 85
"c:\Users\Bobby\Desktop\sports\logs\predict_pipeline_20251125_000848.log", "Log", 0, 0, 0, 84, 0, 0, 0, 0, 0, 0, 0, 0, 0, 0, 0, 0, 1, 85
"c:\Users\Bobby\Desktop\sports\logs\predict_pipeline_20251125_002525.log", "Log", 0, 0, 0, 84, 0, 0, 0, 0, 0, 0, 0, 0, 0, 0, 0, 0, 1, 85
"c:\Users\Bobby\Desktop\sports\logs\predict_pipeline_20251125_004415.log", "Log", 0, 0, 0, 84, 0, 0, 0, 0, 0, 0, 0, 0, 0, 0, 0, 0, 1, 85
"c:\Users\Bobby\Desktop\sports\logs\predict_pipeline_20251125_183433.log", "Log", 0, 0, 0, 9, 0, 0, 0, 0, 0, 0, 0, 0, 0, 0, 0, 0, 1, 10
"c:\Users\Bobby\Desktop\sports\logs\predict_pipeline_20251125_183908.log", "Log", 0, 0, 0, 84, 0, 0, 0, 0, 0, 0, 0, 0, 0, 0, 0, 0, 1, 85
"c:\Users\Bobby\Desktop\sports\logs\predict_pipeline_20251125_213639.log", "Log", 0, 0, 0, 82, 0, 0, 0, 0, 0, 0, 0, 0, 0, 0, 0, 0, 1, 83
"c:\Users\Bobby\Desktop\sports\logs\predict_pipeline_20251126_093201.log", "Log", 0, 0, 0, 82, 0, 0, 0, 0, 0, 0, 0, 0, 0, 0, 0, 0, 1, 83
"c:\Users\Bobby\Desktop\sports\logs\predict_pipeline_20251130_190728.log", "Log", 0, 0, 0, 82, 0, 0, 0, 0, 0, 0, 0, 0, 0, 0, 0, 0, 1, 83
"c:\Users\Bobby\Desktop\sports\logs\predict_pipeline_20251130_193103.log", "Log", 0, 0, 0, 7, 0, 0, 0, 0, 0, 0, 0, 0, 0, 0, 0, 0, 1, 8
"c:\Users\Bobby\Desktop\sports\logs\predict_pipeline_20251201_232234.log", "Log", 0, 0, 0, 85, 0, 0, 0, 0, 0, 0, 0, 0, 0, 0, 0, 0, 1, 86
"c:\Users\Bobby\Desktop\sports\logs\predict_pipeline_20251202_231311.log", "Log", 0, 0, 0, 85, 0, 0, 0, 0, 0, 0, 0, 0, 0, 0, 0, 0, 1, 86
"c:\Users\Bobby\Desktop\sports\logs\predict_pipeline_20251203_220856.log", "Log", 0, 0, 0, 85, 0, 0, 0, 0, 0, 0, 0, 0, 0, 0, 0, 0, 1, 86
"c:\Users\Bobby\Desktop\sports\logs\predict_pipeline_20251203_222921.log", "Log", 0, 0, 0, 87, 0, 0, 0, 0, 0, 0, 0, 0, 0, 0, 0, 0, 1, 88
"c:\Users\Bobby\Desktop\sports\logs\predict_pipeline_20251203_224011.log", "Log", 0, 0, 0, 87, 0, 0, 0, 0, 0, 0, 0, 0, 0, 0, 0, 0, 1, 88
"c:\Users\Bobby\Desktop\sports\logs\predict_pipeline_20251203_225358.log", "Log", 0, 0, 0, 87, 0, 0, 0, 0, 0, 0, 0, 0, 0, 0, 0, 0, 1, 88
"c:\Users\Bobby\Desktop\sports\logs\predict_pipeline_20251203_230642.log", "Log", 0, 0, 0, 87, 0, 0, 0, 0, 0, 0, 0, 0, 0, 0, 0, 0, 1, 88
"c:\Users\Bobby\Desktop\sports\logs\predict_pipeline_20251204_003339.log", "Log", 0, 0, 0, 87, 0, 0, 0, 0, 0, 0, 0, 0, 0, 0, 0, 0, 1, 88
"c:\Users\Bobby\Desktop\sports\logs\predict_pipeline_20251204_004200.log", "Log", 0, 0, 0, 87, 0, 0, 0, 0, 0, 0, 0, 0, 0, 0, 0, 0, 1, 88
"c:\Users\Bobby\Desktop\sports\logs\predict_pipeline_20251204_192051.log", "Log", 0, 0, 0, 88, 0, 0, 0, 0, 0, 0, 0, 0, 0, 0, 0, 0, 1, 89
"c:\Users\Bobby\Desktop\sports\logs\predict_pipeline_20251204_194447.log", "Log", 0, 0, 0, 88, 0, 0, 0, 0, 0, 0, 0, 0, 0, 0, 0, 0, 1, 89
"c:\Users\Bobby\Desktop\sports\logs\predict_pipeline_20251204_200007.log", "Log", 0, 0, 0, 52, 0, 0, 0, 0, 0, 0, 0, 0, 0, 0, 0, 0, 1, 53
"c:\Users\Bobby\Desktop\sports\logs\predict_pipeline_20251204_201246.log", "Log", 0, 0, 0, 88, 0, 0, 0, 0, 0, 0, 0, 0, 0, 0, 0, 0, 1, 89
"c:\Users\Bobby\Desktop\sports\logs\predict_pipeline_20251204_203109.log", "Log", 0, 0, 0, 88, 0, 0, 0, 0, 0, 0, 0, 0, 0, 0, 0, 0, 1, 89
"c:\Users\Bobby\Desktop\sports\logs\predict_pipeline_20251205_000245.log", "Log", 0, 0, 0, 88, 0, 0, 0, 0, 0, 0, 0, 0, 0, 0, 0, 0, 1, 89
"c:\Users\Bobby\Desktop\sports\logs\predict_pipeline_20251205_222111.log", "Log", 0, 0, 0, 88, 0, 0, 0, 0, 0, 0, 0, 0, 0, 0, 0, 0, 1, 89
"c:\Users\Bobby\Desktop\sports\logs\predict_pipeline_20251207_003137.log", "Log", 0, 0, 0, 43, 0, 0, 0, 0, 0, 0, 0, 0, 0, 0, 0, 0, 1, 44
"c:\Users\Bobby\Desktop\sports\logs\predict_pipeline_20251207_233241.log", "Log", 0, 0, 0, 43, 0, 0, 0, 0, 0, 0, 0, 0, 0, 0, 0, 0, 1, 44
"c:\Users\Bobby\Desktop\sports\logs\predict_pipeline_20251208_002034.log", "Log", 0, 0, 0, 43, 0, 0, 0, 0, 0, 0, 0, 0, 0, 0, 0, 0, 1, 44
"c:\Users\Bobby\Desktop\sports\logs\predict_pipeline_20251208_224212.log", "Log", 0, 0, 0, 43, 0, 0, 0, 0, 0, 0, 0, 0, 0, 0, 0, 0, 1, 44
"c:\Users\Bobby\Desktop\sports\logs\train_pipeline_20251204_003524.log", "Log", 0, 0, 0, 86, 0, 0, 0, 0, 0, 0, 0, 0, 0, 0, 0, 0, 1, 87
"c:\Users\Bobby\Desktop\sports\logs\train_pipeline_20251204_193401.log", "Log", 0, 0, 0, 9, 0, 0, 0, 0, 0, 0, 0, 0, 0, 0, 0, 0, 1, 10
"c:\Users\Bobby\Desktop\sports\logs\train_pipeline_20251204_193827.log", "Log", 0, 0, 0, 71, 0, 0, 0, 0, 0, 0, 0, 0, 0, 0, 0, 0, 1, 72
"c:\Users\Bobby\Desktop\sports\logs\train_pipeline_20251204_195329.log", "Log", 0, 0, 0, 107, 0, 0, 0, 0, 0, 0, 0, 0, 0, 0, 0, 0, 58, 165
"c:\Users\Bobby\Desktop\sports\logs\train_pipeline_20251204_200609.log", "Log", 0, 0, 0, 4053, 0, 0, 0, 0, 0, 0, 0, 0, 0, 0, 0, 0, 1, 4054
"c:\Users\Bobby\Desktop\sports\logs\train_pipeline_20251207_002426.log", "Log", 0, 0, 0, 377, 0, 0, 0, 0, 0, 0, 0, 0, 0, 0, 0, 0, 1, 378
"c:\Users\Bobby\Desktop\sports\logs\train_pipeline_20251207_232537.log", "Log", 0, 0, 0, 377, 0, 0, 0, 0, 0, 0, 0, 0, 0, 0, 0, 0, 1, 378
"c:\Users\Bobby\Desktop\sports\logs\train_pipeline_20251208_223523.log", "Log", 0, 0, 0, 377, 0, 0, 0, 0, 0, 0, 0, 0, 0, 0, 0, 0, 1, 378
"c:\Users\Bobby\Desktop\sports\match_teams_espn.py", "Python", 88, 0, 0, 0, 0, 0, 0, 0, 0, 0, 0, 0, 0, 0, 0, 8, 16, 112
"c:\Users\Bobby\Desktop\sports\mismatches.log", "Log", 0, 0, 0, 961, 0, 0, 0, 0, 0, 0, 0, 0, 0, 0, 0, 0, 0, 961
"c:\Users\Bobby\Desktop\sports\odds_betrivers.json", "JSON", 0, 0, 49, 0, 0, 0, 0, 0, 0, 0, 0, 0, 0, 0, 0, 0, 0, 49
"c:\Users\Bobby\Desktop\sports\odds_debug.json", "JSON", 0, 0, 313, 0, 0, 0, 0, 0, 0, 0, 0, 0, 0, 0, 0, 0, 0, 313
"c:\Users\Bobby\Desktop\sports\old_config.py", "Python", 0, 0, 0, 0, 0, 0, 0, 0, 0, 0, 0, 0, 0, 0, 0, 0, 1, 1
"c:\Users\Bobby\Desktop\sports\old_data.py", "Python", 4715, 0, 0, 0, 0, 0, 0, 0, 0, 0, 0, 0, 0, 0, 0, 0, 0, 4715
"c:\Users\Bobby\Desktop\sports\old_forward_test.py", "Python", 3875, 0, 0, 0, 0, 0, 0, 0, 0, 0, 0, 0, 0, 0, 0, 0, 0, 3875
"c:\Users\Bobby\Desktop\sports\old_forward_test_v2.py", "Python", 2639, 0, 0, 0, 0, 0, 0, 0, 0, 0, 0, 0, 0, 0, 0, 0, 0, 2639
"c:\Users\Bobby\Desktop\sports\path_debug.log", "Log", 0, 0, 0, 935, 0, 0, 0, 0, 0, 0, 0, 0, 0, 0, 0, 0, 1, 936
"c:\Users\Bobby\Desktop\sports\regenerate_totals_v2.py", "Python", 104, 0, 0, 0, 0, 0, 0, 0, 0, 0, 0, 0, 0, 0, 0, 12, 29, 145
"c:\Users\Bobby\Desktop\sports\run_api.ps1", "PowerShell", 0, 0, 0, 0, 0, 0, 0, 0, 0, 0, 0, 45, 0, 0, 0, 0, 13, 58
"c:\Users\Bobby\Desktop\sports\run_dashboard.ps1", "PowerShell", 0, 0, 0, 0, 0, 0, 0, 0, 0, 0, 0, 54, 0, 0, 0, 0, 13, 67
"c:\Users\Bobby\Desktop\sports\scripts\archive\check_sports.py", "Python", 15, 0, 0, 0, 0, 0, 0, 0, 0, 0, 0, 0, 0, 0, 0, 1, 6, 22
"c:\Users\Bobby\Desktop\sports\scripts\archive\clean_and_version.py", "Python", 48, 0, 0, 0, 0, 0, 0, 0, 0, 0, 0, 0, 0, 0, 0, 6, 17, 71
"c:\Users\Bobby\Desktop\sports\scripts\archive\cleanup_bad_data.py", "Python", 51, 0, 0, 0, 0, 0, 0, 0, 0, 0, 0, 0, 0, 0, 0, 5, 14, 70
"c:\Users\Bobby\Desktop\sports\scripts\archive\cleanup_workspace.py", "Python", 45, 0, 0, 0, 0, 0, 0, 0, 0, 0, 0, 0, 0, 0, 0, 4, 9, 58
"c:\Users\Bobby\Desktop\sports\scripts\archive\compare_v3_games.py", "Python", 29, 0, 0, 0, 0, 0, 0, 0, 0, 0, 0, 0, 0, 0, 0, 2, 12, 43
"c:\Users\Bobby\Desktop\sports\scripts\archive\debug_api.py", "Python", 24, 0, 0, 0, 0, 0, 0, 0, 0, 0, 0, 0, 0, 0, 0, 1, 8, 33
"c:\Users\Bobby\Desktop\sports\scripts\archive\debug_columns.py", "Python", 26, 0, 0, 0, 0, 0, 0, 0, 0, 0, 0, 0, 0, 0, 0, 1, 9, 36
"c:\Users\Bobby\Desktop\sports\scripts\archive\debug_game_matching.py", "Python", 58, 0, 0, 0, 0, 0, 0, 0, 0, 0, 0, 0, 0, 0, 0, 6, 15, 79
"c:\Users\Bobby\Desktop\sports\scripts\archive\debug_lazio_odds.py", "Python", 74, 0, 0, 0, 0, 0, 0, 0, 0, 0, 0, 0, 0, 0, 0, 12, 21, 107
"c:\Users\Bobby\Desktop\sports\scripts\archive\debug_mapping_fix.py", "Python", 24, 0, 0, 0, 0, 0, 0, 0, 0, 0, 0, 0, 0, 0, 0, 1, 9, 34
"c:\Users\Bobby\Desktop\sports\scripts\archive\debug_mapping_overlap.py", "Python", 60, 0, 0, 0, 0, 0, 0, 0, 0, 0, 0, 0, 0, 0, 0, 4, 15, 79
"c:\Users\Bobby\Desktop\sports\scripts\archive\debug_ncaab.py", "Python", 53, 0, 0, 0, 0, 0, 0, 0, 0, 0, 0, 0, 0, 0, 0, 11, 20, 84
"c:\Users\Bobby\Desktop\sports\scripts\archive\debug_odds_names.py", "Python", 37, 0, 0, 0, 0, 0, 0, 0, 0, 0, 0, 0, 0, 0, 0, 2, 7, 46
"c:\Users\Bobby\Desktop\sports\scripts\archive\debug_rf_versions.py", "Python", 32, 0, 0, 0, 0, 0, 0, 0, 0, 0, 0, 0, 0, 0, 0, 2, 10, 44
"c:\Users\Bobby\Desktop\sports\scripts\archive\debug_toronto_line.py", "Python", 89, 0, 0, 0, 0, 0, 0, 0, 0, 0, 0, 0, 0, 0, 0, 10, 26, 125
"c:\Users\Bobby\Desktop\sports\scripts\archive\debug_totals_count.py", "Python", 22, 0, 0, 0, 0, 0, 0, 0, 0, 0, 0, 0, 0, 0, 0, 2, 8, 32
"c:\Users\Bobby\Desktop\sports\scripts\archive\delete_zombie_games.py", "Python", 32, 0, 0, 0, 0, 0, 0, 0, 0, 0, 0, 0, 0, 0, 0, 7, 16, 55
"c:\Users\Bobby\Desktop\sports\scripts\archive\download_understat.py", "Python", 63, 0, 0, 0, 0, 0, 0, 0, 0, 0, 0, 0, 0, 0, 0, 0, 9, 72
"c:\Users\Bobby\Desktop\sports\scripts\archive\find_missing_team_codes.py", "Python", 26, 0, 0, 0, 0, 0, 0, 0, 0, 0, 0, 0, 0, 0, 0, 7, 8, 41
"c:\Users\Bobby\Desktop\sports\scripts\archive\fix_versions.py", "Python", 38, 0, 0, 0, 0, 0, 0, 0, 0, 0, 0, 0, 0, 0, 0, 6, 11, 55
"c:\Users\Bobby\Desktop\sports\scripts\archive\forward_test_daily.ps1", "PowerShell", 0, 0, 0, 0, 0, 0, 0, 0, 0, 0, 0, 25, 0, 0, 0, 2, 9, 36
"c:\Users\Bobby\Desktop\sports\scripts\archive\generate_all_predictions.ps1", "PowerShell", 0, 0, 0, 0, 0, 0, 0, 0, 0, 0, 0, 28, 0, 0, 0, 3, 8, 39
"c:\Users\Bobby\Desktop\sports\scripts\archive\ingest_hourly_data.ps1", "PowerShell", 0, 0, 0, 0, 0, 0, 0, 0, 0, 0, 0, 151, 0, 0, 0, 3, 23, 177
"c:\Users\Bobby\Desktop\sports\scripts\archive\list_teams.py", "Python", 20, 0, 0, 0, 0, 0, 0, 0, 0, 0, 0, 0, 0, 0, 0, 1, 7, 28
"c:\Users\Bobby\Desktop\sports\scripts\archive\load_killersports_odds.py", "Python", 57, 0, 0, 0, 0, 0, 0, 0, 0, 0, 0, 0, 0, 0, 0, 1, 16, 74
"c:\Users\Bobby\Desktop\sports\scripts\archive\restore_completed_predictions.py", "Python", 161, 0, 0, 0, 0, 0, 0, 0, 0, 0, 0, 0, 0, 0, 0, 22, 35, 218
"c:\Users\Bobby\Desktop\sports\scripts\archive\retrain_random_forest.ps1", "PowerShell", 0, 0, 0, 0, 0, 0, 0, 0, 0, 0, 0, 32, 0, 0, 0, 2, 9, 43
"c:\Users\Bobby\Desktop\sports\scripts\archive\run_forward_test_predict.ps1", "PowerShell", 0, 0, 0, 0, 0, 0, 0, 0, 0, 0, 0, 87, 0, 0, 0, 7, 20, 114
"c:\Users\Bobby\Desktop\sports\scripts\archive\run_forward_test_predict_cfb.ps1", "PowerShell", 0, 0, 0, 0, 0, 0, 0, 0, 0, 0, 0, 53, 0, 0, 0, 7, 12, 72
"c:\Users\Bobby\Desktop\sports\scripts\archive\run_forward_test_update.ps1", "PowerShell", 0, 0, 0, 0, 0, 0, 0, 0, 0, 0, 0, 156, 0, 0, 0, 9, 17, 182
"c:\Users\Bobby\Desktop\sports\scripts\archive\run_forward_test_update_cfb.ps1", "PowerShell", 0, 0, 0, 0, 0, 0, 0, 0, 0, 0, 0, 47, 0, 0, 0, 5, 12, 64
"c:\Users\Bobby\Desktop\sports\scripts\archive\run_nba_metrics.py", "Python", 15, 0, 0, 0, 0, 0, 0, 0, 0, 0, 0, 0, 0, 0, 0, 2, 4, 21
"c:\Users\Bobby\Desktop\sports\scripts\archive\run_validation.py", "Python", 12, 0, 0, 0, 0, 0, 0, 0, 0, 0, 0, 0, 0, 0, 0, 1, 5, 18
"c:\Users\Bobby\Desktop\sports\scripts\archive\safe_remove_abbreviations.py", "Python", 38, 0, 0, 0, 0, 0, 0, 0, 0, 0, 0, 0, 0, 0, 0, 4, 14, 56
"c:\Users\Bobby\Desktop\sports\scripts\archive\schedule_forward_test.ps1", "PowerShell", 0, 0, 0, 0, 0, 0, 0, 0, 0, 0, 0, 165, 0, 0, 0, 7, 17, 189
"c:\Users\Bobby\Desktop\sports\scripts\archive\schedule_forward_test_simple.ps1", "PowerShell", 0, 0, 0, 0, 0, 0, 0, 0, 0, 0, 0, 83, 0, 0, 0, 6, 17, 106
"c:\Users\Bobby\Desktop\sports\scripts\archive\schedule_ingestion.ps1", "PowerShell", 0, 0, 0, 0, 0, 0, 0, 0, 0, 0, 0, 20, 0, 0, 0, 2, 8, 30
"c:\Users\Bobby\Desktop\sports\scripts\archive\schedule_ingestion.sh", "Shell Script", 0, 0, 0, 0, 0, 0, 0, 0, 0, 0, 0, 0, 0, 12, 0, 16, 4, 32
"c:\Users\Bobby\Desktop\sports\scripts\archive\schedule_pipeline.ps1", "PowerShell", 0, 0, 0, 0, 0, 0, 0, 0, 0, 0, 0, 57, 0, 0, 0, 12, 14, 83
"c:\Users\Bobby\Desktop\sports\scripts\archive\setup_forward_test.py", "Python", 104, 0, 0, 0, 0, 0, 0, 0, 0, 0, 0, 0, 0, 0, 0, 4, 20, 128
"c:\Users\Bobby\Desktop\sports\scripts\archive\setup_training_task.ps1", "PowerShell", 0, 0, 0, 0, 0, 0, 0, 0, 0, 0, 0, 29, 0, 0, 0, 1, 13, 43
"c:\Users\Bobby\Desktop\sports\scripts\archive\simulate_app_merge.py", "Python", 44, 0, 0, 0, 0, 0, 0, 0, 0, 0, 0, 0, 0, 0, 0, 2, 15, 61
"c:\Users\Bobby\Desktop\sports\scripts\archive\system_smoke_test.py", "Python", 54, 0, 0, 0, 0, 0, 0, 0, 0, 0, 0, 0, 0, 0, 0, 0, 14, 68
"c:\Users\Bobby\Desktop\sports\scripts\archive\test_merge_detailed.py", "Python", 59, 0, 0, 0, 0, 0, 0, 0, 0, 0, 0, 0, 0, 0, 0, 9, 21, 89
"c:\Users\Bobby\Desktop\sports\scripts\archive\test_model_types.ps1", "PowerShell", 0, 0, 0, 0, 0, 0, 0, 0, 0, 0, 0, 36, 0, 0, 0, 6, 8, 50
"c:\Users\Bobby\Desktop\sports\scripts\archive\train_daily_models.ps1", "PowerShell", 0, 0, 0, 0, 0, 0, 0, 0, 0, 0, 0, 72, 0, 0, 0, 2, 12, 86
"c:\Users\Bobby\Desktop\sports\scripts\archive\tune_all_leagues.ps1", "PowerShell", 0, 0, 0, 0, 0, 0, 0, 0, 0, 0, 0, 34, 0, 0, 0, 2, 10, 46
"c:\Users\Bobby\Desktop\sports\scripts\archive\update.ps1", "PowerShell", 0, 0, 0, 0, 0, 0, 0, 0, 0, 0, 0, 41, 0, 0, 0, 2, 11, 54
"c:\Users\Bobby\Desktop\sports\scripts\archive\update_recent_results.py", "Python", 35, 0, 0, 0, 0, 0, 0, 0, 0, 0, 0, 0, 0, 0, 0, 6, 16, 57
"c:\Users\Bobby\Desktop\sports\scripts\archive\update_results_manual.py", "Python", 36, 0, 0, 0, 0, 0, 0, 0, 0, 0, 0, 0, 0, 0, 0, 9, 16, 61
"c:\Users\Bobby\Desktop\sports\scripts\archive\verify_dashboard_data.py", "Python", 44, 0, 0, 0, 0, 0, 0, 0, 0, 0, 0, 0, 0, 0, 0, 6, 12, 62
"c:\Users\Bobby\Desktop\sports\scripts\archive\verify_tasks.py", "Python", 46, 0, 0, 0, 0, 0, 0, 0, 0, 0, 0, 0, 0, 0, 0, 3, 8, 57
"c:\Users\Bobby\Desktop\sports\scripts\backfill_ensemble_ncaab.py", "Python", 163, 0, 0, 0, 0, 0, 0, 0, 0, 0, 0, 0, 0, 0, 0, 15, 36, 214
"c:\Users\Bobby\Desktop\sports\scripts\backfill_odds_coverage.py", "Python", 69, 0, 0, 0, 0, 0, 0, 0, 0, 0, 0, 0, 0, 0, 0, 3, 9, 81
"c:\Users\Bobby\Desktop\sports\scripts\backfill_totals.py", "Python", 184, 0, 0, 0, 0, 0, 0, 0, 0, 0, 0, 0, 0, 0, 0, 26, 35, 245
"c:\Users\Bobby\Desktop\sports\scripts\backup_data.py", "Python", 47, 0, 0, 0, 0, 0, 0, 0, 0, 0, 0, 0, 0, 0, 0, 8, 9, 64
"c:\Users\Bobby\Desktop\sports\scripts\backup_db.py", "Python", 38, 0, 0, 0, 0, 0, 0, 0, 0, 0, 0, 0, 0, 0, 0, 10, 13, 61
"c:\Users\Bobby\Desktop\sports\scripts\backup_predictions.py", "Python", 33, 0, 0, 0, 0, 0, 0, 0, 0, 0, 0, 0, 0, 0, 0, 1, 9, 43
"c:\Users\Bobby\Desktop\sports\scripts\debug_loader.py", "Python", 26, 0, 0, 0, 0, 0, 0, 0, 0, 0, 0, 0, 0, 0, 0, 5, 11, 42
"c:\Users\Bobby\Desktop\sports\scripts\debug_migration.py", "Python", 41, 0, 0, 0, 0, 0, 0, 0, 0, 0, 0, 0, 0, 0, 0, 1, 11, 53
"c:\Users\Bobby\Desktop\sports\scripts\fix_predictions_schema.py", "Python", 61, 0, 0, 0, 0, 0, 0, 0, 0, 0, 0, 0, 0, 0, 0, 14, 18, 93
"c:\Users\Bobby\Desktop\sports\scripts\ingest_all.ps1", "PowerShell", 0, 0, 0, 0, 0, 0, 0, 0, 0, 0, 0, 55, 0, 0, 0, 5, 11, 71
"c:\Users\Bobby\Desktop\sports\scripts\migrate_all_totals.py", "Python", 65, 0, 0, 0, 0, 0, 0, 0, 0, 0, 0, 0, 0, 0, 0, 5, 23, 93
"c:\Users\Bobby\Desktop\sports\scripts\migrate_features.py", "Python", 190, 0, 0, 0, 0, 0, 0, 0, 0, 0, 0, 0, 0, 0, 0, 19, 55, 264
"c:\Users\Bobby\Desktop\sports\scripts\migrate_predictions_to_db.py", "Python", 64, 0, 0, 0, 0, 0, 0, 0, 0, 0, 0, 0, 0, 0, 0, 9, 16, 89
"c:\Users\Bobby\Desktop\sports\scripts\migrate_totals_and_cleanup.py", "Python", 103, 0, 0, 0, 0, 0, 0, 0, 0, 0, 0, 0, 0, 0, 0, 8, 31, 142
"c:\Users\Bobby\Desktop\sports\scripts\pipeline.ps1", "PowerShell", 0, 0, 0, 0, 0, 0, 0, 0, 0, 0, 0, 49, 0, 0, 0, 7, 14, 70
"c:\Users\Bobby\Desktop\sports\scripts\predict.ps1", "PowerShell", 0, 0, 0, 0, 0, 0, 0, 0, 0, 0, 0, 72, 0, 0, 0, 7, 16, 95
"c:\Users\Bobby\Desktop\sports\scripts\run_external_loader.py", "Python", 96, 0, 0, 0, 0, 0, 0, 0, 0, 0, 0, 0, 0, 0, 0, 0, 14, 110
"c:\Users\Bobby\Desktop\sports\scripts\smart_cleanup_duplicates.py", "Python", 83, 0, 0, 0, 0, 0, 0, 0, 0, 0, 0, 0, 0, 0, 0, 6, 23, 112
"c:\Users\Bobby\Desktop\sports\scripts\train.ps1", "PowerShell", 0, 0, 0, 0, 0, 0, 0, 0, 0, 0, 0, 78, 0, 0, 0, 9, 18, 105
"c:\Users\Bobby\Desktop\sports\specific_game.json", "JSON", 0, 0, 17, 0, 0, 0, 0, 0, 0, 0, 0, 0, 0, 0, 0, 0, 0, 17
"c:\Users\Bobby\Desktop\sports\src\api\main.py", "Python", 25, 0, 0, 0, 0, 0, 0, 0, 0, 0, 0, 0, 0, 0, 0, 1, 6, 32
"c:\Users\Bobby\Desktop\sports\src\api\routes\bets.py", "Python", 269, 0, 0, 0, 0, 0, 0, 0, 0, 0, 0, 0, 0, 0, 0, 70, 77, 416
"c:\Users\Bobby\Desktop\sports\src\dashboard\__init__.py", "Python", 3, 0, 0, 0, 0, 0, 0, 0, 0, 0, 0, 0, 0, 0, 0, 0, 5, 8
"c:\Users\Bobby\Desktop\sports\src\dashboard\__main__.py", "Python", 15, 0, 0, 0, 0, 0, 0, 0, 0, 0, 0, 0, 0, 0, 0, 0, 12, 27
"c:\Users\Bobby\Desktop\sports\src\dashboard\app.py", "Python", 1509, 0, 0, 0, 0, 0, 0, 0, 0, 0, 0, 0, 0, 0, 0, 114, 215, 1838
"c:\Users\Bobby\Desktop\sports\src\dashboard\components.py", "Python", 1225, 0, 0, 0, 0, 0, 0, 0, 0, 0, 0, 0, 0, 0, 0, 32, 193, 1450
"c:\Users\Bobby\Desktop\sports\src\dashboard\data.py", "Python", 1772, 0, 0, 0, 0, 0, 0, 0, 0, 0, 0, 0, 0, 0, 0, 186, 425, 2383
"c:\Users\Bobby\Desktop\sports\src\data\__init__.py", "Python", 0, 0, 0, 0, 0, 0, 0, 0, 0, 0, 0, 0, 0, 0, 0, 0, 2, 2
"c:\Users\Bobby\Desktop\sports\src\data\backfill_cfb.py", "Python", 143, 0, 0, 0, 0, 0, 0, 0, 0, 0, 0, 0, 0, 0, 0, 1, 38, 182
"c:\Users\Bobby\Desktop\sports\src\data\backfill_espn_odds.py", "Python", 71, 0, 0, 0, 0, 0, 0, 0, 0, 0, 0, 0, 0, 0, 0, 1, 23, 95
"c:\Users\Bobby\Desktop\sports\src\data\backfill_historical_odds.py", "Python", 148, 0, 0, 0, 0, 0, 0, 0, 0, 0, 0, 0, 0, 0, 0, 0, 35, 183
"c:\Users\Bobby\Desktop\sports\src\data\backfill_killersports_seasons.py", "Python", 72, 0, 0, 0, 0, 0, 0, 0, 0, 0, 0, 0, 0, 0, 0, 0, 13, 85
"c:\Users\Bobby\Desktop\sports\src\data\backfill_mlb.py", "Python", 125, 0, 0, 0, 0, 0, 0, 0, 0, 0, 0, 0, 0, 0, 0, 16, 39, 180
"c:\Users\Bobby\Desktop\sports\src\data\backfill_nba.py", "Python", 329, 0, 0, 0, 0, 0, 0, 0, 0, 0, 0, 0, 0, 0, 0, 2, 55, 386
"c:\Users\Bobby\Desktop\sports\src\data\backfill_nfl.py", "Python", 89, 0, 0, 0, 0, 0, 0, 0, 0, 0, 0, 0, 0, 0, 0, 0, 29, 118
"c:\Users\Bobby\Desktop\sports\src\data\backfill_odds.py", "Python", 118, 0, 0, 0, 0, 0, 0, 0, 0, 0, 0, 0, 0, 0, 0, 0, 23, 141
"c:\Users\Bobby\Desktop\sports\src\data\backfill_soccer.py", "Python", 739, 0, 0, 0, 0, 0, 0, 0, 0, 0, 0, 0, 0, 0, 0, 19, 125, 883
"c:\Users\Bobby\Desktop\sports\src\data\config.py", "Python", 107, 0, 0, 0, 0, 0, 0, 0, 0, 0, 0, 0, 0, 0, 0, 3, 33, 143
"c:\Users\Bobby\Desktop\sports\src\data\ingest_football_data.py", "Python", 67, 0, 0, 0, 0, 0, 0, 0, 0, 0, 0, 0, 0, 0, 0, 1, 21, 89
"c:\Users\Bobby\Desktop\sports\src\data\ingest_injuries.py", "Python", 11, 0, 0, 0, 0, 0, 0, 0, 0, 0, 0, 0, 0, 0, 0, 0, 3, 14
"c:\Users\Bobby\Desktop\sports\src\data\ingest_manager.py", "Python", 101, 0, 0, 0, 0, 0, 0, 0, 0, 0, 0, 0, 0, 0, 0, 13, 24, 138
"c:\Users\Bobby\Desktop\sports\src\data\ingest_ncaab_mm.py", "Python", 77, 0, 0, 0, 0, 0, 0, 0, 0, 0, 0, 0, 0, 0, 0, 0, 22, 99
"c:\Users\Bobby\Desktop\sports\src\data\ingest_odds.py", "Python", 257, 0, 0, 0, 0, 0, 0, 0, 0, 0, 0, 0, 0, 0, 0, 4, 54, 315
"c:\Users\Bobby\Desktop\sports\src\data\ingest_odds_oddspapi.py", "Python", 275, 0, 0, 0, 0, 0, 0, 0, 0, 0, 0, 0, 0, 0, 0, 0, 36, 311
"c:\Users\Bobby\Desktop\sports\src\data\ingest_scores.py", "Python", 149, 0, 0, 0, 0, 0, 0, 0, 0, 0, 0, 0, 0, 0, 0, 17, 35, 201
"c:\Users\Bobby\Desktop\sports\src\data\ingest_sources.py", "Python", 156, 0, 0, 0, 0, 0, 0, 0, 0, 0, 0, 0, 0, 0, 0, 1, 38, 195
"c:\Users\Bobby\Desktop\sports\src\data\ingest_understat.py", "Python", 124, 0, 0, 0, 0, 0, 0, 0, 0, 0, 0, 0, 0, 0, 0, 1, 29, 154
"c:\Users\Bobby\Desktop\sports\src\data\load_espn_odds.py", "Python", 98, 0, 0, 0, 0, 0, 0, 0, 0, 0, 0, 0, 0, 0, 0, 5, 29, 132
"c:\Users\Bobby\Desktop\sports\src\data\load_historical_odds.py", "Python", 127, 0, 0, 0, 0, 0, 0, 0, 0, 0, 0, 0, 0, 0, 0, 10, 35, 172
"c:\Users\Bobby\Desktop\sports\src\data\monitor_sources.py", "Python", 164, 0, 0, 0, 0, 0, 0, 0, 0, 0, 0, 0, 0, 0, 0, 0, 36, 200
"c:\Users\Bobby\Desktop\sports\src\data\nfl.py", "Python", 103, 0, 0, 0, 0, 0, 0, 0, 0, 0, 0, 0, 0, 0, 0, 0, 23, 126
"c:\Users\Bobby\Desktop\sports\src\data\sources\__init__.py", "Python", 5, 0, 0, 0, 0, 0, 0, 0, 0, 0, 0, 0, 0, 0, 0, 0, 4, 9
"c:\Users\Bobby\Desktop\sports\src\data\sources\action_network.py", "Python", 128, 0, 0, 0, 0, 0, 0, 0, 0, 0, 0, 0, 0, 0, 0, 5, 43, 176
"c:\Users\Bobby\Desktop\sports\src\data\sources\basketball_reference.py", "Python", 153, 0, 0, 0, 0, 0, 0, 0, 0, 0, 0, 0, 0, 0, 0, 4, 39, 196
"c:\Users\Bobby\Desktop\sports\src\data\sources\cfbd_advanced_stats.py", "Python", 104, 0, 0, 0, 0, 0, 0, 0, 0, 0, 0, 0, 0, 0, 0, 3, 31, 138
"c:\Users\Bobby\Desktop\sports\src\data\sources\cfbd_lines.py", "Python", 209, 0, 0, 0, 0, 0, 0, 0, 0, 0, 0, 0, 0, 0, 0, 0, 54, 263
"c:\Users\Bobby\Desktop\sports\src\data\sources\covers.py", "Python", 85, 0, 0, 0, 0, 0, 0, 0, 0, 0, 0, 0, 0, 0, 0, 3, 29, 117
"c:\Users\Bobby\Desktop\sports\src\data\sources\espn_odds.py", "Python", 220, 0, 0, 0, 0, 0, 0, 0, 0, 0, 0, 0, 0, 0, 0, 0, 58, 278
"c:\Users\Bobby\Desktop\sports\src\data\sources\kaggle_nba.py", "Python", 151, 0, 0, 0, 0, 0, 0, 0, 0, 0, 0, 0, 0, 0, 0, 15, 42, 208
"c:\Users\Bobby\Desktop\sports\src\data\sources\kaggle_nba_moneyline.py", "Python", 150, 0, 0, 0, 0, 0, 0, 0, 0, 0, 0, 0, 0, 0, 0, 12, 40, 202
"c:\Users\Bobby\Desktop\sports\src\data\sources\killersports.py", "Python", 257, 0, 0, 0, 0, 0, 0, 0, 0, 0, 0, 0, 0, 0, 0, 0, 53, 310
"c:\Users\Bobby\Desktop\sports\src\data\sources\lahman.py", "Python", 84, 0, 0, 0, 0, 0, 0, 0, 0, 0, 0, 0, 0, 0, 0, 4, 27, 115
"c:\Users\Bobby\Desktop\sports\src\data\sources\mlb_advanced_stats.py", "Python", 121, 0, 0, 0, 0, 0, 0, 0, 0, 0, 0, 0, 0, 0, 0, 12, 39, 172
"c:\Users\Bobby\Desktop\sports\src\data\sources\nba_api.py", "Python", 59, 0, 0, 0, 0, 0, 0, 0, 0, 0, 0, 0, 0, 0, 0, 0, 22, 81
"c:\Users\Bobby\Desktop\sports\src\data\sources\nba_injuries.py", "Python", 131, 0, 0, 0, 0, 0, 0, 0, 0, 0, 0, 0, 0, 0, 0, 0, 31, 162
"c:\Users\Bobby\Desktop\sports\src\data\sources\nba_injuries_espn.py", "Python", 246, 0, 0, 0, 0, 0, 0, 0, 0, 0, 0, 0, 0, 0, 0, 5, 51, 302
"c:\Users\Bobby\Desktop\sports\src\data\sources\nba_injuries_espn_scraper.py", "Python", 83, 0, 0, 0, 0, 0, 0, 0, 0, 0, 0, 0, 0, 0, 0, 19, 24, 126
"c:\Users\Bobby\Desktop\sports\src\data\sources\nba_player_stats.py", "Python", 61, 0, 0, 0, 0, 0, 0, 0, 0, 0, 0, 0, 0, 0, 0, 1, 21, 83
"c:\Users\Bobby\Desktop\sports\src\data\sources\nba_rolling_metrics.py", "Python", 144, 0, 0, 0, 0, 0, 0, 0, 0, 0, 0, 0, 0, 0, 0, 20, 57, 221
"c:\Users\Bobby\Desktop\sports\src\data\sources\nba_team_metrics.py", "Python", 57, 0, 0, 0, 0, 0, 0, 0, 0, 0, 0, 0, 0, 0, 0, 0, 22, 79
"c:\Users\Bobby\Desktop\sports\src\data\sources\nfl_team_metrics.py", "Python", 74, 0, 0, 0, 0, 0, 0, 0, 0, 0, 0, 0, 0, 0, 0, 0, 23, 97
"c:\Users\Bobby\Desktop\sports\src\data\sources\nflfastr.py", "Python", 55, 0, 0, 0, 0, 0, 0, 0, 0, 0, 0, 0, 0, 0, 0, 0, 22, 77
"c:\Users\Bobby\Desktop\sports\src\data\sources\nflverse_injuries.py", "Python", 98, 0, 0, 0, 0, 0, 0, 0, 0, 0, 0, 0, 0, 0, 0, 0, 26, 124
"c:\Users\Bobby\Desktop\sports\src\data\sources\odds_api.py", "Python", 46, 0, 0, 0, 0, 0, 0, 0, 0, 0, 0, 0, 0, 0, 0, 0, 11, 57
"c:\Users\Bobby\Desktop\sports\src\data\sources\oddspapi.py", "Python", 148, 0, 0, 0, 0, 0, 0, 0, 0, 0, 0, 0, 0, 0, 0, 0, 21, 169
"c:\Users\Bobby\Desktop\sports\src\data\sources\oddsshark.py", "Python", 111, 0, 0, 0, 0, 0, 0, 0, 0, 0, 0, 0, 0, 0, 0, 7, 38, 156
"c:\Users\Bobby\Desktop\sports\src\data\sources\pro_football_reference.py", "Python", 146, 0, 0, 0, 0, 0, 0, 0, 0, 0, 0, 0, 0, 0, 0, 0, 46, 192
"c:\Users\Bobby\Desktop\sports\src\data\sources\sbr_odds.py", "Python", 240, 0, 0, 0, 0, 0, 0, 0, 0, 0, 0, 0, 0, 0, 0, 0, 48, 288
"c:\Users\Bobby\Desktop\sports\src\data\sources\selenium_utils.py", "Python", 100, 0, 0, 0, 0, 0, 0, 0, 0, 0, 0, 0, 0, 0, 0, 0, 22, 122
"c:\Users\Bobby\Desktop\sports\src\data\sources\soccer_advanced_stats.py", "Python", 181, 0, 0, 0, 0, 0, 0, 0, 0, 0, 0, 0, 0, 0, 0, 0, 42, 223
"c:\Users\Bobby\Desktop\sports\src\data\sources\soccer_database.py", "Python", 98, 0, 0, 0, 0, 0, 0, 0, 0, 0, 0, 0, 0, 0, 0, 4, 26, 128
"c:\Users\Bobby\Desktop\sports\src\data\sources\teamrankings.py", "Python", 74, 0, 0, 0, 0, 0, 0, 0, 0, 0, 0, 0, 0, 0, 0, 0, 26, 100
"c:\Users\Bobby\Desktop\sports\src\data\sources\teamrankings_over_under.py", "Python", 284, 0, 0, 0, 0, 0, 0, 0, 0, 0, 0, 0, 0, 0, 0, 0, 52, 336
"c:\Users\Bobby\Desktop\sports\src\data\sources\teamrankings_trends.py", "Python", 131, 0, 0, 0, 0, 0, 0, 0, 0, 0, 0, 0, 0, 0, 0, 11, 38, 180
"c:\Users\Bobby\Desktop\sports\src\data\sources\understat_match_payloads.py", "Python", 410, 0, 0, 0, 0, 0, 0, 0, 0, 0, 0, 0, 0, 0, 0, 0, 52, 462
"c:\Users\Bobby\Desktop\sports\src\data\sources\utils.py", "Python", 170, 0, 0, 0, 0, 0, 0, 0, 0, 0, 0, 0, 0, 0, 0, 0, 42, 212
"c:\Users\Bobby\Desktop\sports\src\data\sources\vegasinsider.py", "Python", 113, 0, 0, 0, 0, 0, 0, 0, 0, 0, 0, 0, 0, 0, 0, 8, 38, 159
"c:\Users\Bobby\Desktop\sports\src\data\sportsbook_urls.py", "Python", 45, 0, 0, 0, 0, 0, 0, 0, 0, 0, 0, 0, 0, 0, 0, 3, 9, 57
"c:\Users\Bobby\Desktop\sports\src\data\team_mappings.py", "Python", 1439, 0, 0, 0, 0, 0, 0, 0, 0, 0, 0, 0, 0, 0, 0, 16, 56, 1511
"c:\Users\Bobby\Desktop\sports\src\data\utils.py", "Python", 37, 0, 0, 0, 0, 0, 0, 0, 0, 0, 0, 0, 0, 0, 0, 1, 12, 50
"c:\Users\Bobby\Desktop\sports\src\data\validation.py", "Python", 67, 0, 0, 0, 0, 0, 0, 0, 0, 0, 0, 0, 0, 0, 0, 2, 16, 85
"c:\Users\Bobby\Desktop\sports\src\db\__init__.py", "Python", 0, 0, 0, 0, 0, 0, 0, 0, 0, 0, 0, 0, 0, 0, 0, 0, 2, 2
"c:\Users\Bobby\Desktop\sports\src\db\core.py", "Python", 36, 0, 0, 0, 0, 0, 0, 0, 0, 0, 0, 0, 0, 0, 0, 0, 17, 53
"c:\Users\Bobby\Desktop\sports\src\db\init_db.py", "Python", 36, 0, 0, 0, 0, 0, 0, 0, 0, 0, 0, 0, 0, 0, 0, 0, 13, 49
"c:\Users\Bobby\Desktop\sports\src\db\inspect.py", "Python", 107, 0, 0, 0, 0, 0, 0, 0, 0, 0, 0, 0, 0, 0, 0, 0, 26, 133
"c:\Users\Bobby\Desktop\sports\src\db\loaders.py", "Python", 1928, 0, 0, 0, 0, 0, 0, 0, 0, 0, 0, 0, 0, 0, 0, 29, 275, 2232
"c:\Users\Bobby\Desktop\sports\src\db\models.py", "Python", 142, 0, 0, 0, 0, 0, 0, 0, 0, 0, 0, 0, 0, 0, 0, 0, 30, 172
"c:\Users\Bobby\Desktop\sports\src\db\schema.sql", "MS SQL", 0, 0, 0, 0, 0, 0, 0, 0, 0, 0, 0, 0, 275, 0, 0, 10, 31, 316
"c:\Users\Bobby\Desktop\sports\src\features\__init__.py", "Python", 0, 0, 0, 0, 0, 0, 0, 0, 0, 0, 0, 0, 0, 0, 0, 0, 2, 2
"c:\Users\Bobby\Desktop\sports\src\features\dataset\__init__.py", "Python", 3, 0, 0, 0, 0, 0, 0, 0, 0, 0, 0, 0, 0, 0, 0, 0, 2, 5
"c:\Users\Bobby\Desktop\sports\src\features\dataset\cfb.py", "Python", 34, 0, 0, 0, 0, 0, 0, 0, 0, 0, 0, 0, 0, 0, 0, 1, 13, 48
"c:\Users\Bobby\Desktop\sports\src\features\dataset\nba.py", "Python", 133, 0, 0, 0, 0, 0, 0, 0, 0, 0, 0, 0, 0, 0, 0, 7, 30, 170
"c:\Users\Bobby\Desktop\sports\src\features\dataset\ncaab.py", "Python", 23, 0, 0, 0, 0, 0, 0, 0, 0, 0, 0, 0, 0, 0, 0, 1, 10, 34
"c:\Users\Bobby\Desktop\sports\src\features\dataset\nfl.py", "Python", 591, 0, 0, 0, 0, 0, 0, 0, 0, 0, 0, 0, 0, 0, 0, 1, 82, 674
"c:\Users\Bobby\Desktop\sports\src\features\dataset\nhl.py", "Python", 23, 0, 0, 0, 0, 0, 0, 0, 0, 0, 0, 0, 0, 0, 0, 1, 10, 34
"c:\Users\Bobby\Desktop\sports\src\features\dataset\shared.py", "Python", 611, 0, 0, 0, 0, 0, 0, 0, 0, 0, 0, 0, 0, 0, 0, 1, 109, 721
"c:\Users\Bobby\Desktop\sports\src\features\dataset\soccer.py", "Python", 82, 0, 0, 0, 0, 0, 0, 0, 0, 0, 0, 0, 0, 0, 0, 1, 22, 105
"c:\Users\Bobby\Desktop\sports\src\features\moneyline_dataset.py", "Python", 63, 0, 0, 0, 0, 0, 0, 0, 0, 0, 0, 0, 0, 0, 0, 0, 13, 76
"c:\Users\Bobby\Desktop\sports\src\features\player_features.py", "Python", 53, 0, 0, 0, 0, 0, 0, 0, 0, 0, 0, 0, 0, 0, 0, 8, 20, 81
"c:\Users\Bobby\Desktop\sports\src\features\soccer_features.py", "Python", 489, 0, 0, 0, 0, 0, 0, 0, 0, 0, 0, 0, 0, 0, 0, 0, 79, 568
"c:\Users\Bobby\Desktop\sports\src\models\__init__.py", "Python", 0, 0, 0, 0, 0, 0, 0, 0, 0, 0, 0, 0, 0, 0, 0, 0, 2, 2
"c:\Users\Bobby\Desktop\sports\src\models\bet_selector.py", "Python", 177, 0, 0, 0, 0, 0, 0, 0, 0, 0, 0, 0, 0, 0, 0, 1, 35, 213
"c:\Users\Bobby\Desktop\sports\src\models\feature_importance.py", "Python", 200, 0, 0, 0, 0, 0, 0, 0, 0, 0, 0, 0, 0, 0, 0, 30, 66, 296
"c:\Users\Bobby\Desktop\sports\src\models\feature_loader.py", "Python", 144, 0, 0, 0, 0, 0, 0, 0, 0, 0, 0, 0, 0, 0, 0, 15, 48, 207
"c:\Users\Bobby\Desktop\sports\src\models\train.py", "Python", 719, 0, 0, 0, 0, 0, 0, 0, 0, 0, 0, 0, 0, 0, 0, 19, 105, 843
"c:\Users\Bobby\Desktop\sports\src\models\train_totals.py", "Python", 332, 0, 0, 0, 0, 0, 0, 0, 0, 0, 0, 0, 0, 0, 0, 2, 53, 387
"c:\Users\Bobby\Desktop\sports\src\models\tune.py", "Python", 258, 0, 0, 0, 0, 0, 0, 0, 0, 0, 0, 0, 0, 0, 0, 25, 71, 354
"c:\Users\Bobby\Desktop\sports\src\predict\__init__.py", "Python", 3, 0, 0, 0, 0, 0, 0, 0, 0, 0, 0, 0, 0, 0, 0, 0, 2, 5
"c:\Users\Bobby\Desktop\sports\src\predict\config.py", "Python", 21, 0, 0, 0, 0, 0, 0, 0, 0, 0, 0, 0, 0, 0, 0, 3, 6, 30
"c:\Users\Bobby\Desktop\sports\src\predict\engine.py", "Python", 295, 0, 0, 0, 0, 0, 0, 0, 0, 0, 0, 0, 0, 0, 0, 69, 76, 440
"c:\Users\Bobby\Desktop\sports\src\predict\runner.py", "Python", 30, 0, 0, 0, 0, 0, 0, 0, 0, 0, 0, 0, 0, 0, 0, 1, 13, 44
"c:\Users\Bobby\Desktop\sports\src\predict\storage.py", "Python", 166, 0, 0, 0, 0, 0, 0, 0, 0, 0, 0, 0, 0, 0, 0, 20, 31, 217
"c:\Users\Bobby\Desktop\sports\temp_archive\cleanup_20251120_180254\analyze_features.py", "Python", 28, 0, 0, 0, 0, 0, 0, 0, 0, 0, 0, 0, 0, 0, 0, 4, 7, 39
"c:\Users\Bobby\Desktop\sports\temp_archive\cleanup_20251120_180254\check_columns.py", "Python", 12, 0, 0, 0, 0, 0, 0, 0, 0, 0, 0, 0, 0, 0, 0, 2, 4, 18
"c:\Users\Bobby\Desktop\sports\temp_archive\cleanup_20251120_180254\check_lac_orl.py", "Python", 41, 0, 0, 0, 0, 0, 0, 0, 0, 0, 0, 0, 0, 0, 0, 2, 6, 49
"c:\Users\Bobby\Desktop\sports\temp_archive\cleanup_20251120_180254\check_nba_cols.py", "Python", 9, 0, 0, 0, 0, 0, 0, 0, 0, 0, 0, 0, 0, 0, 0, 0, 2, 11
"c:\Users\Bobby\Desktop\sports\temp_archive\cleanup_20251120_180254\check_overlaps.py", "Python", 61, 0, 0, 0, 0, 0, 0, 0, 0, 0, 0, 0, 0, 0, 0, 5, 14, 80
"c:\Users\Bobby\Desktop\sports\temp_archive\cleanup_20251120_180254\check_predictions.py", "Python", 17, 0, 0, 0, 0, 0, 0, 0, 0, 0, 0, 0, 0, 0, 0, 1, 4, 22
"c:\Users\Bobby\Desktop\sports\temp_archive\cleanup_20251120_180254\check_target_games.py", "Python", 38, 0, 0, 0, 0, 0, 0, 0, 0, 0, 0, 0, 0, 0, 0, 3, 9, 50
"c:\Users\Bobby\Desktop\sports\temp_archive\cleanup_20251120_180254\compare_backtest.py", "Python", 87, 0, 0, 0, 0, 0, 0, 0, 0, 0, 0, 0, 0, 0, 0, 6, 18, 111
"c:\Users\Bobby\Desktop\sports\temp_archive\cleanup_20251120_180254\compare_models.py", "Python", 62, 0, 0, 0, 0, 0, 0, 0, 0, 0, 0, 0, 0, 0, 0, 7, 18, 87
"c:\Users\Bobby\Desktop\sports\temp_archive\cleanup_20251120_180254\compare_nov18_20.py", "Python", 48, 0, 0, 0, 0, 0, 0, 0, 0, 0, 0, 0, 0, 0, 0, 6, 15, 69
"c:\Users\Bobby\Desktop\sports\temp_archive\cleanup_20251120_180254\compare_nov18_20_fixed.py", "Python", 55, 0, 0, 0, 0, 0, 0, 0, 0, 0, 0, 0, 0, 0, 0, 6, 16, 77
"c:\Users\Bobby\Desktop\sports\temp_archive\cleanup_20251120_180254\debug_team_matching.py", "Python", 34, 0, 0, 0, 0, 0, 0, 0, 0, 0, 0, 0, 0, 0, 0, 2, 7, 43
"c:\Users\Bobby\Desktop\sports\temp_archive\cleanup_20251120_180254\diagnose_odds_issue.py", "Python", 89, 0, 0, 0, 0, 0, 0, 0, 0, 0, 0, 0, 0, 0, 0, 5, 14, 108
"c:\Users\Bobby\Desktop\sports\temp_archive\cleanup_20251120_180254\inspect_parquet.py", "Python", 8, 0, 0, 0, 0, 0, 0, 0, 0, 0, 0, 0, 0, 0, 0, 0, 2, 10
"c:\Users\Bobby\Desktop\sports\temp_archive\cleanup_20251120_180254\investigate_odds.py", "Python", 75, 0, 0, 0, 0, 0, 0, 0, 0, 0, 0, 0, 0, 0, 0, 7, 12, 94
"c:\Users\Bobby\Desktop\sports\temp_archive\cleanup_20251120_180254\run_nba_metrics.py", "Python", 4, 0, 0, 0, 0, 0, 0, 0, 0, 0, 0, 0, 0, 0, 0, 1, 2, 7
"c:\Users\Bobby\Desktop\sports\temp_archive\cleanup_20251120_180254\show_backtest.py", "Python", 66, 0, 0, 0, 0, 0, 0, 0, 0, 0, 0, 0, 0, 0, 0, 3, 11, 80
"c:\Users\Bobby\Desktop\sports\temp_archive\cleanup_20251120_180254\simple_comparison.py", "Python", 43, 0, 0, 0, 0, 0, 0, 0, 0, 0, 0, 0, 0, 0, 0, 3, 10, 56
"c:\Users\Bobby\Desktop\sports\temp_archive\cleanup_20251120_180254\temp_dataset.ps1", "PowerShell", 0, 0, 0, 0, 0, 0, 0, 0, 0, 0, 0, 0, 0, 0, 0, 1, 1, 2
"c:\Users\Bobby\Desktop\sports\temp_archive\cleanup_20251120_180254\test_import.py", "Python", 15, 0, 0, 0, 0, 0, 0, 0, 0, 0, 0, 0, 0, 0, 0, 1, 4, 20
"c:\Users\Bobby\Desktop\sports\temp_archive\cleanup_20251120_180254\tmp_capture_html.py", "Python", 12, 0, 0, 0, 0, 0, 0, 0, 0, 0, 0, 0, 0, 0, 0, 0, 3, 15
"c:\Users\Bobby\Desktop\sports\temp_archive\cleanup_20251120_180254\tmp_forward_check.py", "Python", 6, 0, 0, 0, 0, 0, 0, 0, 0, 0, 0, 0, 0, 0, 0, 0, 1, 7
"c:\Users\Bobby\Desktop\sports\temp_archive\cleanup_20251120_180254\tmp_kill_debug.html", "HTML", 0, 0, 0, 0, 0, 0, 0, 0, 0, 0, 3483, 0, 0, 0, 0, 0, 1889, 5372
"c:\Users\Bobby\Desktop\sports\temp_archive\cleanup_20251120_180254\tmp_kill_debug2.html", "HTML", 0, 0, 0, 0, 0, 0, 0, 0, 0, 0, 3483, 0, 0, 0, 0, 0, 1889, 5372
"c:\Users\Bobby\Desktop\sports\temp_archive\cleanup_20251120_180254\tmp_kill_debug3.html", "HTML", 0, 0, 0, 0, 0, 0, 0, 0, 0, 0, 3483, 0, 0, 0, 0, 0, 1889, 5372
"c:\Users\Bobby\Desktop\sports\temp_archive\cleanup_20251120_180254\tmp_kill_from_sample.html", "HTML", 0, 0, 0, 0, 0, 0, 0, 0, 0, 0, 3483, 0, 0, 0, 0, 0, 1889, 5372
"c:\Users\Bobby\Desktop\sports\temp_archive\cleanup_20251120_180254\tmp_kill_get.html", "HTML", 0, 0, 0, 0, 0, 0, 0, 0, 0, 0, 3483, 0, 0, 0, 0, 0, 1889, 5372
"c:\Users\Bobby\Desktop\sports\temp_archive\cleanup_20251120_180254\tmp_kill_get2.html", "HTML", 0, 0, 0, 0, 0, 0, 0, 0, 0, 0, 3483, 0, 0, 0, 0, 0, 1889, 5372
"c:\Users\Bobby\Desktop\sports\temp_archive\cleanup_20251120_180254\tmp_kill_get3.html", "HTML", 0, 0, 0, 0, 0, 0, 0, 0, 0, 0, 3483, 0, 0, 0, 0, 0, 489, 3972
"c:\Users\Bobby\Desktop\sports\temp_archive\cleanup_20251120_180254\tmp_kill_selenium.html", "HTML", 0, 0, 0, 0, 0, 0, 0, 0, 0, 0, 3427, 0, 0, 0, 0, 0, 502, 3929
"c:\Users\Bobby\Desktop\sports\temp_archive\cleanup_20251120_180254\tmp_kill_token.html", "HTML", 0, 0, 0, 0, 0, 0, 0, 0, 0, 0, 3483, 0, 0, 0, 0, 0, 489, 3972
"c:\Users\Bobby\Desktop\sports\temp_archive\cleanup_20251120_180254\tmp_killersports_home.html", "HTML", 0, 0, 0, 0, 0, 0, 0, 0, 0, 0, 1767, 0, 0, 0, 0, 0, 258, 2025
"c:\Users\Bobby\Desktop\sports\temp_archive\cleanup_20251120_180254\tmp_killersports_main.js", "JavaScript", 0, 0, 0, 0, 63, 0, 0, 0, 0, 0, 0, 0, 0, 0, 0, 5, 14, 82
"c:\Users\Bobby\Desktop\sports\temp_archive\cleanup_20251120_180254\tmp_killersports_nhl_2024.html", "HTML", 0, 0, 0, 0, 0, 0, 0, 0, 0, 0, 3473, 0, 0, 0, 0, 0, 1787, 5260
"c:\Users\Bobby\Desktop\sports\temp_archive\cleanup_20251120_180254\tmp_killersports_query.html", "HTML", 0, 0, 0, 0, 0, 0, 0, 0, 0, 0, 3509, 0, 0, 0, 0, 0, 468, 3977
"c:\Users\Bobby\Desktop\sports\temp_archive\cleanup_20251120_180254\tmp_killersports_query_nhl.html", "HTML", 0, 0, 0, 0, 0, 0, 0, 0, 0, 0, 3473, 0, 0, 0, 0, 0, 467, 3940
"c:\Users\Bobby\Desktop\sports\temp_archive\cleanup_20251120_180254\tmp_killersports_script.js", "JavaScript", 0, 0, 0, 0, 31, 0, 0, 0, 0, 0, 0, 0, 0, 0, 0, 9, 6, 46
"c:\Users\Bobby\Desktop\sports\temp_archive\cleanup_20251120_180254\tmp_killersports_season_counts.json", "JSON", 0, 0, 28, 0, 0, 0, 0, 0, 0, 0, 0, 0, 0, 0, 0, 0, 0, 28
"c:\Users\Bobby\Desktop\sports\temp_archive\cleanup_20251120_180254\tmp_killersports_season_scan.py", "Python", 43, 0, 0, 0, 0, 0, 0, 0, 0, 0, 0, 0, 0, 0, 0, 0, 12, 55
"c:\Users\Bobby\Desktop\sports\temp_archive\cleanup_20251120_180254\tmp_killersports_test.html", "HTML", 0, 0, 0, 0, 0, 0, 0, 0, 0, 0, 3419, 0, 0, 0, 0, 0, 1787, 5206
"c:\Users\Bobby\Desktop\sports\temp_archive\cleanup_20251120_180254\tmp_sd.html", "HTML", 0, 0, 0, 0, 0, 0, 0, 0, 0, 0, 3483, 0, 0, 0, 0, 0, 1889, 5372
"c:\Users\Bobby\Desktop\sports\temp_archive\cleanup_20251120_180254\verify_odds_ingestion.py", "Python", 49, 0, 0, 0, 0, 0, 0, 0, 0, 0, 0, 0, 0, 0, 0, 2, 8, 59
"c:\Users\Bobby\Desktop\sports\temp_archive\cleanup_20251120_180254\verify_totals.py", "Python", 44, 0, 0, 0, 0, 0, 0, 0, 0, 0, 0, 0, 0, 0, 0, 3, 9, 56
"c:\Users\Bobby\Desktop\sports\temp_archive\cleanup_20251203\analyze_dates.py", "Python", 14, 0, 0, 0, 0, 0, 0, 0, 0, 0, 0, 0, 0, 0, 0, 3, 6, 23
"c:\Users\Bobby\Desktop\sports\temp_archive\cleanup_20251203\analyze_edge.py", "Python", 17, 0, 0, 0, 0, 0, 0, 0, 0, 0, 0, 0, 0, 0, 0, 6, 6, 29
"c:\Users\Bobby\Desktop\sports\temp_archive\cleanup_20251203\analyze_id_patterns.py", "Python", 85, 0, 0, 0, 0, 0, 0, 0, 0, 0, 0, 0, 0, 0, 0, 4, 12, 101
"c:\Users\Bobby\Desktop\sports\temp_archive\cleanup_20251203\analyze_schema.py", "Python", 44, 0, 0, 0, 0, 0, 0, 0, 0, 0, 0, 0, 0, 0, 0, 5, 11, 60
"c:\Users\Bobby\Desktop\sports\temp_archive\cleanup_20251203\check_all_sports.py", "Python", 22, 0, 0, 0, 0, 0, 0, 0, 0, 0, 0, 0, 0, 0, 0, 0, 6, 28
"c:\Users\Bobby\Desktop\sports\temp_archive\cleanup_20251203\check_alternative_odds.py", "Python", 56, 0, 0, 0, 0, 0, 0, 0, 0, 0, 0, 0, 0, 0, 0, 2, 12, 70
"c:\Users\Bobby\Desktop\sports\temp_archive\cleanup_20251203\check_api_and_parquet.py", "Python", 43, 0, 0, 0, 0, 0, 0, 0, 0, 0, 0, 0, 0, 0, 0, 4, 8, 55
"c:\Users\Bobby\Desktop\sports\temp_archive\cleanup_20251203\check_api_duplicates.py", "Python", 25, 0, 0, 0, 0, 0, 0, 0, 0, 0, 0, 0, 0, 0, 0, 3, 8, 36
"c:\Users\Bobby\Desktop\sports\temp_archive\cleanup_20251203\check_api_nba.py", "Python", 23, 0, 0, 0, 0, 0, 0, 0, 0, 0, 0, 0, 0, 0, 0, 0, 5, 28
"c:\Users\Bobby\Desktop\sports\temp_archive\cleanup_20251203\check_api_ncaab.py", "Python", 23, 0, 0, 0, 0, 0, 0, 0, 0, 0, 0, 0, 0, 0, 0, 0, 5, 28
"c:\Users\Bobby\Desktop\sports\temp_archive\cleanup_20251203\check_chelsea_games.py", "Python", 34, 0, 0, 0, 0, 0, 0, 0, 0, 0, 0, 0, 0, 0, 0, 0, 6, 40
"c:\Users\Bobby\Desktop\sports\temp_archive\cleanup_20251203\check_chelsea_source.py", "Python", 21, 0, 0, 0, 0, 0, 0, 0, 0, 0, 0, 0, 0, 0, 0, 3, 8, 32
"c:\Users\Bobby\Desktop\sports\temp_archive\cleanup_20251203\check_chelsea_target.py", "Python", 22, 0, 0, 0, 0, 0, 0, 0, 0, 0, 0, 0, 0, 0, 0, 1, 8, 31
"c:\Users\Bobby\Desktop\sports\temp_archive\cleanup_20251203\check_completed.py", "Python", 10, 0, 0, 0, 0, 0, 0, 0, 0, 0, 0, 0, 0, 0, 0, 1, 3, 14
"c:\Users\Bobby\Desktop\sports\temp_archive\cleanup_20251203\check_completed_db.py", "Python", 27, 0, 0, 0, 0, 0, 0, 0, 0, 0, 0, 0, 0, 0, 0, 1, 7, 35
"c:\Users\Bobby\Desktop\sports\temp_archive\cleanup_20251203\check_cremonese_duplicates.py", "Python", 36, 0, 0, 0, 0, 0, 0, 0, 0, 0, 0, 0, 0, 0, 0, 5, 9, 50
"c:\Users\Bobby\Desktop\sports\temp_archive\cleanup_20251203\check_damage.py", "Python", 26, 0, 0, 0, 0, 0, 0, 0, 0, 0, 0, 0, 0, 0, 0, 0, 7, 33
"c:\Users\Bobby\Desktop\sports\temp_archive\cleanup_20251203\check_date_range.py", "Python", 12, 0, 0, 0, 0, 0, 0, 0, 0, 0, 0, 0, 0, 0, 0, 1, 5, 18
"c:\Users\Bobby\Desktop\sports\temp_archive\cleanup_20251203\check_db_completed.py", "Python", 32, 0, 0, 0, 0, 0, 0, 0, 0, 0, 0, 0, 0, 0, 0, 2, 6, 40
"c:\Users\Bobby\Desktop\sports\temp_archive\cleanup_20251203\check_db_counts.py", "Python", 32, 0, 0, 0, 0, 0, 0, 0, 0, 0, 0, 0, 0, 0, 0, 2, 6, 40
"c:\Users\Bobby\Desktop\sports\temp_archive\cleanup_20251203\check_db_cremonese.py", "Python", 31, 0, 0, 0, 0, 0, 0, 0, 0, 0, 0, 0, 0, 0, 0, 1, 6, 38
"c:\Users\Bobby\Desktop\sports\temp_archive\cleanup_20251203\check_db_games.py", "Python", 28, 0, 0, 0, 0, 0, 0, 0, 0, 0, 0, 0, 0, 0, 0, 3, 7, 38
"c:\Users\Bobby\Desktop\sports\temp_archive\cleanup_20251203\check_duplicate_odds.py", "Python", 15, 0, 0, 0, 0, 0, 0, 0, 0, 0, 0, 0, 0, 0, 0, 0, 7, 22
"c:\Users\Bobby\Desktop\sports\temp_archive\cleanup_20251203\check_duplicates.py", "Python", 20, 0, 0, 0, 0, 0, 0, 0, 0, 0, 0, 0, 0, 0, 0, 9, 10, 39
"c:\Users\Bobby\Desktop\sports\temp_archive\cleanup_20251203\check_epl_dates.py", "Python", 26, 0, 0, 0, 0, 0, 0, 0, 0, 0, 0, 0, 0, 0, 0, 0, 6, 32
"c:\Users\Bobby\Desktop\sports\temp_archive\cleanup_20251203\check_epl_duplicates.py", "Python", 32, 0, 0, 0, 0, 0, 0, 0, 0, 0, 0, 0, 0, 0, 0, 0, 7, 39
"c:\Users\Bobby\Desktop\sports\temp_archive\cleanup_20251203\check_game_details.py", "Python", 24, 0, 0, 0, 0, 0, 0, 0, 0, 0, 0, 0, 0, 0, 0, 0, 6, 30
"c:\Users\Bobby\Desktop\sports\temp_archive\cleanup_20251203\check_game_results.py", "Python", 13, 0, 0, 0, 0, 0, 0, 0, 0, 0, 0, 0, 0, 0, 0, 3, 6, 22
"c:\Users\Bobby\Desktop\sports\temp_archive\cleanup_20251203\check_games_table.py", "Python", 31, 0, 0, 0, 0, 0, 0, 0, 0, 0, 0, 0, 0, 0, 0, 3, 5, 39
"c:\Users\Bobby\Desktop\sports\temp_archive\cleanup_20251203\check_good_epl.py", "Python", 30, 0, 0, 0, 0, 0, 0, 0, 0, 0, 0, 0, 0, 0, 0, 0, 7, 37
"c:\Users\Bobby\Desktop\sports\temp_archive\cleanup_20251203\check_linkage.py", "Python", 25, 0, 0, 0, 0, 0, 0, 0, 0, 0, 0, 0, 0, 0, 0, 0, 6, 31
"c:\Users\Bobby\Desktop\sports\temp_archive\cleanup_20251203\check_linkage_retry.py", "Python", 26, 0, 0, 0, 0, 0, 0, 0, 0, 0, 0, 0, 0, 0, 0, 0, 6, 32
"c:\Users\Bobby\Desktop\sports\temp_archive\cleanup_20251203\check_metrics_breakdown.py", "Python", 54, 0, 0, 0, 0, 0, 0, 0, 0, 0, 0, 0, 0, 0, 0, 19, 14, 87
"c:\Users\Bobby\Desktop\sports\temp_archive\cleanup_20251203\check_missing_odds.py", "Python", 29, 0, 0, 0, 0, 0, 0, 0, 0, 0, 0, 0, 0, 0, 0, 0, 7, 36
"c:\Users\Bobby\Desktop\sports\temp_archive\cleanup_20251203\check_multiple_sources.py", "Python", 29, 0, 0, 0, 0, 0, 0, 0, 0, 0, 0, 0, 0, 0, 0, 0, 6, 35
"c:\Users\Bobby\Desktop\sports\temp_archive\cleanup_20251203\check_nba_est.py", "Python", 20, 0, 0, 0, 0, 0, 0, 0, 0, 0, 0, 0, 0, 0, 0, 0, 6, 26
"c:\Users\Bobby\Desktop\sports\temp_archive\cleanup_20251203\check_nba_totals.py", "Python", 38, 0, 0, 0, 0, 0, 0, 0, 0, 0, 0, 0, 0, 0, 0, 4, 9, 51
"c:\Users\Bobby\Desktop\sports\temp_archive\cleanup_20251203\check_ncaab_dates.py", "Python", 31, 0, 0, 0, 0, 0, 0, 0, 0, 0, 0, 0, 0, 0, 0, 0, 6, 37
"c:\Users\Bobby\Desktop\sports\temp_archive\cleanup_20251203\check_ncaab_scores.py", "Python", 21, 0, 0, 0, 0, 0, 0, 0, 0, 0, 0, 0, 0, 0, 0, 0, 6, 27
"c:\Users\Bobby\Desktop\sports\temp_archive\cleanup_20251203\check_nfl_dates.py", "Python", 31, 0, 0, 0, 0, 0, 0, 0, 0, 0, 0, 0, 0, 0, 0, 0, 6, 37
"c:\Users\Bobby\Desktop\sports\temp_archive\cleanup_20251203\check_predictions_duplicates.py", "Python", 37, 0, 0, 0, 0, 0, 0, 0, 0, 0, 0, 0, 0, 0, 0, 5, 10, 52
"c:\Users\Bobby\Desktop\sports\temp_archive\cleanup_20251203\check_raw_file.py", "Python", 15, 0, 0, 0, 0, 0, 0, 0, 0, 0, 0, 0, 0, 0, 0, 0, 5, 20
"c:\Users\Bobby\Desktop\sports\temp_archive\cleanup_20251203\check_raw_paths.py", "Python", 16, 0, 0, 0, 0, 0, 0, 0, 0, 0, 0, 0, 0, 0, 0, 0, 6, 22
"c:\Users\Bobby\Desktop\sports\temp_archive\cleanup_20251203\check_recent_ncaab.py", "Python", 24, 0, 0, 0, 0, 0, 0, 0, 0, 0, 0, 0, 0, 0, 0, 0, 7, 31
"c:\Users\Bobby\Desktop\sports\temp_archive\cleanup_20251203\check_restorable_dates.py", "Python", 27, 0, 0, 0, 0, 0, 0, 0, 0, 0, 0, 0, 0, 0, 0, 0, 7, 34
"c:\Users\Bobby\Desktop\sports\temp_archive\cleanup_20251203\check_schema.py", "Python", 6, 0, 0, 0, 0, 0, 0, 0, 0, 0, 0, 0, 0, 0, 0, 1, 4, 11
"c:\Users\Bobby\Desktop\sports\temp_archive\cleanup_20251203\check_schema_games.py", "Python", 12, 0, 0, 0, 0, 0, 0, 0, 0, 0, 0, 0, 0, 0, 0, 0, 3, 15
"c:\Users\Bobby\Desktop\sports\temp_archive\cleanup_20251203\check_schema_odds.py", "Python", 12, 0, 0, 0, 0, 0, 0, 0, 0, 0, 0, 0, 0, 0, 0, 0, 3, 15
"c:\Users\Bobby\Desktop\sports\temp_archive\cleanup_20251203\check_schema_results.py", "Python", 12, 0, 0, 0, 0, 0, 0, 0, 0, 0, 0, 0, 0, 0, 0, 0, 3, 15
"c:\Users\Bobby\Desktop\sports\temp_archive\cleanup_20251203\check_schema_snapshots.py", "Python", 12, 0, 0, 0, 0, 0, 0, 0, 0, 0, 0, 0, 0, 0, 0, 0, 3, 15
"c:\Users\Bobby\Desktop\sports\temp_archive\cleanup_20251203\check_schema_teams.py", "Python", 12, 0, 0, 0, 0, 0, 0, 0, 0, 0, 0, 0, 0, 0, 0, 0, 3, 15
"c:\Users\Bobby\Desktop\sports\temp_archive\cleanup_20251203\check_snapshot_path.py", "Python", 11, 0, 0, 0, 0, 0, 0, 0, 0, 0, 0, 0, 0, 0, 0, 0, 3, 14
"c:\Users\Bobby\Desktop\sports\temp_archive\cleanup_20251203\check_specific_duplicate.py", "Python", 29, 0, 0, 0, 0, 0, 0, 0, 0, 0, 0, 0, 0, 0, 0, 0, 6, 35
"c:\Users\Bobby\Desktop\sports\temp_archive\cleanup_20251203\check_specific_games.py", "Python", 23, 0, 0, 0, 0, 0, 0, 0, 0, 0, 0, 0, 0, 0, 0, 3, 8, 34
"c:\Users\Bobby\Desktop\sports\temp_archive\cleanup_20251203\check_team_names.py", "Python", 11, 0, 0, 0, 0, 0, 0, 0, 0, 0, 0, 0, 0, 0, 0, 2, 6, 19
"c:\Users\Bobby\Desktop\sports\temp_archive\cleanup_20251203\check_version_windows.py", "Python", 45, 0, 0, 0, 0, 0, 0, 0, 0, 0, 0, 0, 0, 0, 0, 3, 9, 57
"c:\Users\Bobby\Desktop\sports\temp_archive\cleanup_20251203\clean_pre_v01.py", "Python", 20, 0, 0, 0, 0, 0, 0, 0, 0, 0, 0, 0, 0, 0, 0, 0, 8, 28
"c:\Users\Bobby\Desktop\sports\temp_archive\cleanup_20251203\compare_predictions.py", "Python", 34, 0, 0, 0, 0, 0, 0, 0, 0, 0, 0, 0, 0, 0, 0, 5, 16, 55
"c:\Users\Bobby\Desktop\sports\temp_archive\cleanup_20251203\dashboard_debug.log", "Log", 0, 0, 0, 207, 0, 0, 0, 0, 0, 0, 0, 0, 0, 0, 0, 0, 4, 211
"c:\Users\Bobby\Desktop\sports\temp_archive\cleanup_20251203\dashboard_error.log", "Log", 0, 0, 0, 21, 0, 0, 0, 0, 0, 0, 0, 0, 0, 0, 0, 0, 2, 23
"c:\Users\Bobby\Desktop\sports\temp_archive\cleanup_20251203\debug_all_leagues.py", "Python", 51, 0, 0, 0, 0, 0, 0, 0, 0, 0, 0, 0, 0, 0, 0, 4, 12, 67
"c:\Users\Bobby\Desktop\sports\temp_archive\cleanup_20251203\debug_api_logic.py", "Python", 27, 0, 0, 0, 0, 0, 0, 0, 0, 0, 0, 0, 0, 0, 0, 5, 12, 44
"c:\Users\Bobby\Desktop\sports\temp_archive\cleanup_20251203\debug_cfb_data.py", "Python", 42, 0, 0, 0, 0, 0, 0, 0, 0, 0, 0, 0, 0, 0, 0, 11, 18, 71
"c:\Users\Bobby\Desktop\sports\temp_archive\cleanup_20251203\debug_dashboard_config.py", "Python", 24, 0, 0, 0, 0, 0, 0, 0, 0, 0, 0, 0, 0, 0, 0, 1, 8, 33
"c:\Users\Bobby\Desktop\sports\temp_archive\cleanup_20251203\debug_dashboard_filter.py", "Python", 32, 0, 0, 0, 0, 0, 0, 0, 0, 0, 0, 0, 0, 0, 0, 8, 15, 55
"c:\Users\Bobby\Desktop\sports\temp_archive\cleanup_20251203\debug_duplicates.py", "Python", 44, 0, 0, 0, 0, 0, 0, 0, 0, 0, 0, 0, 0, 0, 0, 6, 15, 65
"c:\Users\Bobby\Desktop\sports\temp_archive\cleanup_20251203\debug_epl.py", "Python", 64, 0, 0, 0, 0, 0, 0, 0, 0, 0, 0, 0, 0, 0, 0, 4, 9, 77
"c:\Users\Bobby\Desktop\sports\temp_archive\cleanup_20251203\debug_game_counts.py", "Python", 50, 0, 0, 0, 0, 0, 0, 0, 0, 0, 0, 0, 0, 0, 0, 8, 9, 67
"c:\Users\Bobby\Desktop\sports\temp_archive\cleanup_20251203\debug_game_times.py", "Python", 41, 0, 0, 0, 0, 0, 0, 0, 0, 0, 0, 0, 0, 0, 0, 2, 11, 54
"c:\Users\Bobby\Desktop\sports\temp_archive\cleanup_20251203\debug_load_logic.py", "Python", 63, 0, 0, 0, 0, 0, 0, 0, 0, 0, 0, 0, 0, 0, 0, 4, 17, 84
"c:\Users\Bobby\Desktop\sports\temp_archive\cleanup_20251203\debug_merge.py", "Python", 60, 0, 0, 0, 0, 0, 0, 0, 0, 0, 0, 0, 0, 0, 0, 10, 16, 86
"c:\Users\Bobby\Desktop\sports\temp_archive\cleanup_20251203\debug_missing_games.py", "Python", 116, 0, 0, 0, 0, 0, 0, 0, 0, 0, 0, 0, 0, 0, 0, 10, 25, 151
"c:\Users\Bobby\Desktop\sports\temp_archive\cleanup_20251203\debug_nba_date_range.py", "Python", 32, 0, 0, 0, 0, 0, 0, 0, 0, 0, 0, 0, 0, 0, 0, 2, 7, 41
"c:\Users\Bobby\Desktop\sports\temp_archive\cleanup_20251203\debug_nba_loading.py", "Python", 35, 0, 0, 0, 0, 0, 0, 0, 0, 0, 0, 0, 0, 0, 0, 2, 5, 42
"c:\Users\Bobby\Desktop\sports\temp_archive\cleanup_20251203\debug_nba_nhl_teams.py", "Python", 44, 0, 0, 0, 0, 0, 0, 0, 0, 0, 0, 0, 0, 0, 0, 2, 10, 56
"c:\Users\Bobby\Desktop\sports\temp_archive\cleanup_20251203\debug_nba_raw.py", "Python", 19, 0, 0, 0, 0, 0, 0, 0, 0, 0, 0, 0, 0, 0, 0, 1, 7, 27
"c:\Users\Bobby\Desktop\sports\temp_archive\cleanup_20251203\debug_ncaab.log", "Log", 0, 0, 0, 193, 0, 0, 0, 0, 0, 0, 0, 0, 0, 0, 0, 0, 0, 193
"c:\Users\Bobby\Desktop\sports\temp_archive\cleanup_20251203\debug_ncaab_2.log", "Log", 0, 0, 0, 201, 0, 0, 0, 0, 0, 0, 0, 0, 0, 0, 0, 0, 0, 201
"c:\Users\Bobby\Desktop\sports\temp_archive\cleanup_20251203\debug_ncaab_3.log", "Log", 0, 0, 0, 201, 0, 0, 0, 0, 0, 0, 0, 0, 0, 0, 0, 0, 0, 201
"c:\Users\Bobby\Desktop\sports\temp_archive\cleanup_20251203\debug_ncaab_dates.py", "Python", 34, 0, 0, 0, 0, 0, 0, 0, 0, 0, 0, 0, 0, 0, 0, 0, 7, 41
"c:\Users\Bobby\Desktop\sports\temp_archive\cleanup_20251203\debug_ncaab_loading.py", "Python", 35, 0, 0, 0, 0, 0, 0, 0, 0, 0, 0, 0, 0, 0, 0, 2, 5, 42
"c:\Users\Bobby\Desktop\sports\temp_archive\cleanup_20251203\debug_ncaab_parquet.py", "Python", 23, 0, 0, 0, 0, 0, 0, 0, 0, 0, 0, 0, 0, 0, 0, 4, 9, 36
"c:\Users\Bobby\Desktop\sports\temp_archive\cleanup_20251203\debug_ncaab_totals.py", "Python", 55, 0, 0, 0, 0, 0, 0, 0, 0, 0, 0, 0, 0, 0, 0, 2, 16, 73
"c:\Users\Bobby\Desktop\sports\temp_archive\cleanup_20251203\debug_nfl_norm.py", "Python", 16, 0, 0, 0, 0, 0, 0, 0, 0, 0, 0, 0, 0, 0, 0, 0, 4, 20
"c:\Users\Bobby\Desktop\sports\temp_archive\cleanup_20251203\debug_nfl_query.py", "Python", 40, 0, 0, 0, 0, 0, 0, 0, 0, 0, 0, 0, 0, 0, 0, 0, 7, 47
"c:\Users\Bobby\Desktop\sports\temp_archive\cleanup_20251203\debug_nhl_bookmakers.py", "Python", 24, 0, 0, 0, 0, 0, 0, 0, 0, 0, 0, 0, 0, 0, 0, 1, 6, 31
"c:\Users\Bobby\Desktop\sports\temp_archive\cleanup_20251203\debug_nhl_raw.py", "Python", 18, 0, 0, 0, 0, 0, 0, 0, 0, 0, 0, 0, 0, 0, 0, 0, 6, 24
"c:\Users\Bobby\Desktop\sports\temp_archive\cleanup_20251203\debug_normalization.py", "Python", 17, 0, 0, 0, 0, 0, 0, 0, 0, 0, 0, 0, 0, 0, 0, 0, 4, 21
"c:\Users\Bobby\Desktop\sports\temp_archive\cleanup_20251203\debug_overunder_filter.py", "Python", 35, 0, 0, 0, 0, 0, 0, 0, 0, 0, 0, 0, 0, 0, 0, 6, 14, 55
"c:\Users\Bobby\Desktop\sports\temp_archive\cleanup_20251203\debug_parquet.py", "Python", 28, 0, 0, 0, 0, 0, 0, 0, 0, 0, 0, 0, 0, 0, 0, 1, 6, 35
"c:\Users\Bobby\Desktop\sports\temp_archive\cleanup_20251203\debug_past_upcoming.py", "Python", 16, 0, 0, 0, 0, 0, 0, 0, 0, 0, 0, 0, 0, 0, 0, 2, 9, 27
"c:\Users\Bobby\Desktop\sports\temp_archive\cleanup_20251203\debug_raw_odds.py", "Python", 33, 0, 0, 0, 0, 0, 0, 0, 0, 0, 0, 0, 0, 0, 0, 0, 9, 42
"c:\Users\Bobby\Desktop\sports\temp_archive\cleanup_20251203\debug_restore_nfl.py", "Python", 87, 0, 0, 0, 0, 0, 0, 0, 0, 0, 0, 0, 0, 0, 0, 3, 16, 106
"c:\Users\Bobby\Desktop\sports\temp_archive\cleanup_20251203\debug_serie_a_norm.py", "Python", 13, 0, 0, 0, 0, 0, 0, 0, 0, 0, 0, 0, 0, 0, 0, 0, 4, 17
"c:\Users\Bobby\Desktop\sports\temp_archive\cleanup_20251203\debug_serie_a_raw.py", "Python", 35, 0, 0, 0, 0, 0, 0, 0, 0, 0, 0, 0, 0, 0, 0, 2, 11, 48
"c:\Users\Bobby\Desktop\sports\temp_archive\cleanup_20251203\debug_specific_game.py", "Python", 20, 0, 0, 0, 0, 0, 0, 0, 0, 0, 0, 0, 0, 0, 0, 4, 9, 33
"c:\Users\Bobby\Desktop\sports\temp_archive\cleanup_20251203\debug_team_names.py", "Python", 24, 0, 0, 0, 0, 0, 0, 0, 0, 0, 0, 0, 0, 0, 0, 3, 7, 34
"c:\Users\Bobby\Desktop\sports\temp_archive\cleanup_20251203\debug_upcoming_parquet.py", "Python", 36, 0, 0, 0, 0, 0, 0, 0, 0, 0, 0, 0, 0, 0, 0, 2, 11, 49
"c:\Users\Bobby\Desktop\sports\temp_archive\cleanup_20251203\debug_versions.py", "Python", 17, 0, 0, 0, 0, 0, 0, 0, 0, 0, 0, 0, 0, 0, 0, 3, 8, 28
"c:\Users\Bobby\Desktop\sports\temp_archive\cleanup_20251203\debug_zombie_games.py", "Python", 24, 0, 0, 0, 0, 0, 0, 0, 0, 0, 0, 0, 0, 0, 0, 6, 12, 42
"c:\Users\Bobby\Desktop\sports\temp_archive\cleanup_20251203\deduplicate_predictions.py", "Python", 37, 0, 0, 0, 0, 0, 0, 0, 0, 0, 0, 0, 0, 0, 0, 11, 16, 64
"c:\Users\Bobby\Desktop\sports\temp_archive\cleanup_20251203\fetch_game_ids.py", "Python", 12, 0, 0, 0, 0, 0, 0, 0, 0, 0, 0, 0, 0, 0, 0, 0, 5, 17
"c:\Users\Bobby\Desktop\sports\temp_archive\cleanup_20251203\find_version_dates.py", "Python", 25, 0, 0, 0, 0, 0, 0, 0, 0, 0, 0, 0, 0, 0, 0, 4, 8, 37
"c:\Users\Bobby\Desktop\sports\temp_archive\cleanup_20251203\fix_damage.py", "Python", 37, 0, 0, 0, 0, 0, 0, 0, 0, 0, 0, 0, 0, 0, 0, 4, 13, 54
"c:\Users\Bobby\Desktop\sports\temp_archive\cleanup_20251203\fix_future_results.py", "Python", 35, 0, 0, 0, 0, 0, 0, 0, 0, 0, 0, 0, 0, 0, 0, 2, 11, 48
"c:\Users\Bobby\Desktop\sports\temp_archive\cleanup_20251203\fix_predicted_at.py", "Python", 22, 0, 0, 0, 0, 0, 0, 0, 0, 0, 0, 0, 0, 0, 0, 0, 8, 30
"c:\Users\Bobby\Desktop\sports\temp_archive\cleanup_20251203\identify_abbrev_leagues.py", "Python", 23, 0, 0, 0, 0, 0, 0, 0, 0, 0, 0, 0, 0, 0, 0, 4, 10, 37
"c:\Users\Bobby\Desktop\sports\temp_archive\cleanup_20251203\ingest_debug.log", "Log", 0, 0, 0, 6, 0, 0, 0, 0, 0, 0, 0, 0, 0, 0, 0, 0, 1, 7
"c:\Users\Bobby\Desktop\sports\temp_archive\cleanup_20251203\ingest_nba_debug.log", "Log", 0, 0, 0, 8, 0, 0, 0, 0, 0, 0, 0, 0, 0, 0, 0, 0, 1, 9
"c:\Users\Bobby\Desktop\sports\temp_archive\cleanup_20251203\inspect_duplicate_games.py", "Python", 20, 0, 0, 0, 0, 0, 0, 0, 0, 0, 0, 0, 0, 0, 0, 2, 7, 29
"c:\Users\Bobby\Desktop\sports\temp_archive\cleanup_20251203\inspect_ncaab_db.py", "Python", 30, 0, 0, 0, 0, 0, 0, 0, 0, 0, 0, 0, 0, 0, 0, 2, 4, 36
"c:\Users\Bobby\Desktop\sports\temp_archive\cleanup_20251203\list_nov_games.py", "Python", 29, 0, 0, 0, 0, 0, 0, 0, 0, 0, 0, 0, 0, 0, 0, 0, 6, 35
"c:\Users\Bobby\Desktop\sports\temp_archive\cleanup_20251203\list_seriea_duplicates.py", "Python", 21, 0, 0, 0, 0, 0, 0, 0, 0, 0, 0, 0, 0, 0, 0, 3, 10, 34
"c:\Users\Bobby\Desktop\sports\temp_archive\cleanup_20251203\list_tables.py", "Python", 19, 0, 0, 0, 0, 0, 0, 0, 0, 0, 0, 0, 0, 0, 0, 3, 6, 28
"c:\Users\Bobby\Desktop\sports\temp_archive\cleanup_20251203\list_tables_db.py", "Python", 12, 0, 0, 0, 0, 0, 0, 0, 0, 0, 0, 0, 0, 0, 0, 0, 3, 15
"c:\Users\Bobby\Desktop\sports\temp_archive\cleanup_20251203\merge_epl_duplicates.py", "Python", 67, 0, 0, 0, 0, 0, 0, 0, 0, 0, 0, 0, 0, 0, 0, 10, 18, 95
"c:\Users\Bobby\Desktop\sports\temp_archive\cleanup_20251203\missing_games.log", "Log", 0, 0, 0, 59, 0, 0, 0, 0, 0, 0, 0, 0, 0, 0, 0, 0, 0, 59
"c:\Users\Bobby\Desktop\sports\temp_archive\cleanup_20251203\path_debug.log", "Log", 0, 0, 0, 3, 0, 0, 0, 0, 0, 0, 0, 0, 0, 0, 0, 0, 1, 4
"c:\Users\Bobby\Desktop\sports\temp_archive\cleanup_20251203\predict_nhl_debug.log", "Log", 0, 0, 0, 12, 0, 0, 0, 0, 0, 0, 0, 0, 0, 0, 0, 0, 1, 13
"c:\Users\Bobby\Desktop\sports\temp_archive\cleanup_20251203\predict_nhl_debug_2.log", "Log", 0, 0, 0, 18, 0, 0, 0, 0, 0, 0, 0, 0, 0, 0, 0, 0, 1, 19
"c:\Users\Bobby\Desktop\sports\temp_archive\cleanup_20251203\predict_nhl_debug_3.log", "Log", 0, 0, 0, 12, 0, 0, 0, 0, 0, 0, 0, 0, 0, 0, 0, 0, 1, 13
"c:\Users\Bobby\Desktop\sports\temp_archive\cleanup_20251203\reingest_epl_odds.py", "Python", 28, 0, 0, 0, 0, 0, 0, 0, 0, 0, 0, 0, 0, 0, 0, 5, 11, 44
"c:\Users\Bobby\Desktop\sports\temp_archive\cleanup_20251203\remove_abbreviations.py", "Python", 32, 0, 0, 0, 0, 0, 0, 0, 0, 0, 0, 0, 0, 0, 0, 3, 12, 47
"c:\Users\Bobby\Desktop\sports\temp_archive\cleanup_20251203\reproduce_chart_issue.py", "Python", 39, 0, 0, 0, 0, 0, 0, 0, 0, 0, 0, 0, 0, 0, 0, 2, 8, 49
"c:\Users\Bobby\Desktop\sports\temp_archive\cleanup_20251203\reproduce_issue.py", "Python", 38, 0, 0, 0, 0, 0, 0, 0, 0, 0, 0, 0, 0, 0, 0, 1, 10, 49
"c:\Users\Bobby\Desktop\sports\temp_archive\cleanup_20251203\reproduce_ncaab_error.py", "Python", 14, 0, 0, 0, 0, 0, 0, 0, 0, 0, 0, 0, 0, 0, 0, 0, 4, 18
"c:\Users\Bobby\Desktop\sports\temp_archive\cleanup_20251203\simple_dup_check.py", "Python", 26, 0, 0, 0, 0, 0, 0, 0, 0, 0, 0, 0, 0, 0, 0, 2, 8, 36
"c:\Users\Bobby\Desktop\sports\temp_archive\cleanup_20251203\test_rf_data.py", "Python", 16, 0, 0, 0, 0, 0, 0, 0, 0, 0, 0, 0, 0, 0, 0, 0, 2, 18
"c:\Users\Bobby\Desktop\sports\temp_archive\cleanup_20251203\tune_error.log", "Log", 0, 0, 0, 177, 0, 0, 0, 0, 0, 0, 0, 0, 0, 0, 0, 0, 0, 177
"c:\Users\Bobby\Desktop\sports\temp_archive\cleanup_20251203\update_versions.py", "Python", 34, 0, 0, 0, 0, 0, 0, 0, 0, 0, 0, 0, 0, 0, 0, 5, 13, 52
"c:\Users\Bobby\Desktop\sports\temp_archive\cleanup_20251203\validate_profitability.py", "Python", 204, 0, 0, 0, 0, 0, 0, 0, 0, 0, 0, 0, 0, 0, 0, 19, 48, 271
"c:\Users\Bobby\Desktop\sports\temp_archive\cleanup_20251203\verify_fix.py", "Python", 17, 0, 0, 0, 0, 0, 0, 0, 0, 0, 0, 0, 0, 0, 0, 4, 6, 27
"c:\Users\Bobby\Desktop\sports\temp_archive\cleanup_20251203\verify_game_odds_logic.py", "Python", 16, 0, 0, 0, 0, 0, 0, 0, 0, 0, 0, 0, 0, 0, 0, 0, 3, 19
"c:\Users\Bobby\Desktop\sports\temp_archive\cleanup_20251203\verify_upcoming_fix.py", "Python", 26, 0, 0, 0, 0, 0, 0, 0, 0, 0, 0, 0, 0, 0, 0, 4, 9, 39
"c:\Users\Bobby\Desktop\sports\temp_archive\cleanup_20251203\verify_versions.py", "Python", 24, 0, 0, 0, 0, 0, 0, 0, 0, 0, 0, 0, 0, 0, 0, 1, 7, 32
"c:\Users\Bobby\Desktop\sports\temp_archive\cleanup_20251203\walkthrough_append.md", "Markdown", 0, 15, 0, 0, 0, 0, 0, 0, 0, 0, 0, 0, 0, 0, 0, 0, 6, 21
"c:\Users\Bobby\Desktop\sports\test_api_ohio_indiana.py", "Python", 16, 0, 0, 0, 0, 0, 0, 0, 0, 0, 0, 0, 0, 0, 0, 2, 4, 22
"c:\Users\Bobby\Desktop\sports\test_ensemble.py", "Python", 30, 0, 0, 0, 0, 0, 0, 0, 0, 0, 0, 0, 0, 0, 0, 4, 7, 41
"c:\Users\Bobby\Desktop\sports\test_team_matching.py", "Python", 49, 0, 0, 0, 0, 0, 0, 0, 0, 0, 0, 0, 0, 0, 0, 5, 10, 64
"c:\Users\Bobby\Desktop\sports\tests\api\test_live.py", "Python", 21, 0, 0, 0, 0, 0, 0, 0, 0, 0, 0, 0, 0, 0, 0, 0, 4, 25
"c:\Users\Bobby\Desktop\sports\tests\api\test_odds_endpoint.py", "Python", 24, 0, 0, 0, 0, 0, 0, 0, 0, 0, 0, 0, 0, 0, 0, 0, 6, 30
"c:\Users\Bobby\Desktop\sports\tests\conftest.py", "Python", 21, 0, 0, 0, 0, 0, 0, 0, 0, 0, 0, 0, 0, 0, 0, 1, 5, 27
"c:\Users\Bobby\Desktop\sports\tests\data\killersports_nhl_sample.html", "HTML", 0, 0, 0, 0, 0, 0, 0, 0, 0, 0, 70, 0, 0, 0, 0, 0, 1, 71
"c:\Users\Bobby\Desktop\sports\tests\features\dataset\test_nba.py", "Python", 119, 0, 0, 0, 0, 0, 0, 0, 0, 0, 0, 0, 0, 0, 0, 21, 17, 157
"c:\Users\Bobby\Desktop\sports\tests\integration\test_odds_api.py", "Python", 37, 0, 0, 0, 0, 0, 0, 0, 0, 0, 0, 0, 0, 0, 0, 2, 10, 49
"c:\Users\Bobby\Desktop\sports\tests\regression\test_api_duplicates.py", "Python", 130, 0, 0, 0, 0, 0, 0, 0, 0, 0, 0, 0, 0, 0, 0, 13, 38, 181
"c:\Users\Bobby\Desktop\sports\tests\test_cli_smoke.py", "Python", 10, 0, 0, 0, 0, 0, 0, 0, 0, 0, 0, 0, 0, 0, 0, 0, 7, 17
"c:\Users\Bobby\Desktop\sports\tests\test_dashboard_helpers.py", "Python", 257, 0, 0, 0, 0, 0, 0, 0, 0, 0, 0, 0, 0, 0, 0, 0, 48, 305
"c:\Users\Bobby\Desktop\sports\tests\test_dashboard_logic.py", "Python", 92, 0, 0, 0, 0, 0, 0, 0, 0, 0, 0, 0, 0, 0, 0, 14, 30, 136
"c:\Users\Bobby\Desktop\sports\tests\test_db_loaders.py", "Python", 49, 0, 0, 0, 0, 0, 0, 0, 0, 0, 0, 0, 0, 0, 0, 0, 12, 61
"c:\Users\Bobby\Desktop\sports\tests\test_feature_loader.py", "Python", 75, 0, 0, 0, 0, 0, 0, 0, 0, 0, 0, 0, 0, 0, 0, 1, 25, 101
"c:\Users\Bobby\Desktop\sports\tests\test_forward_features.py", "Python", 105, 0, 0, 0, 0, 0, 0, 0, 0, 0, 0, 0, 0, 0, 0, 0, 23, 128
"c:\Users\Bobby\Desktop\sports\tests\test_forward_test_scores.py", "Python", 114, 0, 0, 0, 0, 0, 0, 0, 0, 0, 0, 0, 0, 0, 0, 1, 25, 140
"c:\Users\Bobby\Desktop\sports\tests\test_ingest_sources.py", "Python", 83, 0, 0, 0, 0, 0, 0, 0, 0, 0, 0, 0, 0, 0, 0, 0, 25, 108
"c:\Users\Bobby\Desktop\sports\tests\test_killersports_source.py", "Python", 20, 0, 0, 0, 0, 0, 0, 0, 0, 0, 0, 0, 0, 0, 0, 0, 8, 28
"c:\Users\Bobby\Desktop\sports\tests\test_line_odds_consistency.py", "Python", 73, 0, 0, 0, 0, 0, 0, 0, 0, 0, 0, 0, 0, 0, 0, 5, 21, 99
"c:\Users\Bobby\Desktop\sports\tests\test_missing_line_odds.py", "Python", 65, 0, 0, 0, 0, 0, 0, 0, 0, 0, 0, 0, 0, 0, 0, 5, 20, 90
"c:\Users\Bobby\Desktop\sports\tests\test_nba_injuries_espn.py", "Python", 56, 0, 0, 0, 0, 0, 0, 0, 0, 0, 0, 0, 0, 0, 0, 1, 14, 71
"c:\Users\Bobby\Desktop\sports\tests\test_nba_injuries_espn_scraper.py", "Python", 44, 0, 0, 0, 0, 0, 0, 0, 0, 0, 0, 0, 0, 0, 0, 0, 7, 51
"c:\Users\Bobby\Desktop\sports\tests\test_odds_matching.py", "Python", 56, 0, 0, 0, 0, 0, 0, 0, 0, 0, 0, 0, 0, 0, 0, 5, 15, 76
"c:\Users\Bobby\Desktop\sports\tests\test_pipeline.py", "Python", 67, 0, 0, 0, 0, 0, 0, 0, 0, 0, 0, 0, 0, 0, 0, 11, 16, 94
"c:\Users\Bobby\Desktop\sports\tests\test_prediction_storage.py", "Python", 34, 0, 0, 0, 0, 0, 0, 0, 0, 0, 0, 0, 0, 0, 0, 0, 8, 42
"c:\Users\Bobby\Desktop\sports\tests\unit\test_normalization.py", "Python", 9, 0, 0, 0, 0, 0, 0, 0, 0, 0, 0, 0, 0, 0, 0, 2, 4, 15
"c:\Users\Bobby\Desktop\sports\verify_dashboard_logic.py", "Python", 35, 0, 0, 0, 0, 0, 0, 0, 0, 0, 0, 0, 0, 0, 0, 5, 8, 48
"c:\Users\Bobby\Desktop\sports\verify_live_status.py", "Python", 37, 0, 0, 0, 0, 0, 0, 0, 0, 0, 0, 0, 0, 0, 0, 3, 11, 51
"c:\Users\Bobby\Desktop\sports\web-app\README.md", "Markdown", 0, 23, 0, 0, 0, 0, 0, 0, 0, 0, 0, 0, 0, 0, 0, 0, 14, 37
"c:\Users\Bobby\Desktop\sports\web-app\eslint.config.mjs", "JavaScript", 0, 0, 0, 0, 14, 0, 0, 0, 0, 0, 0, 0, 0, 0, 0, 2, 3, 19
"c:\Users\Bobby\Desktop\sports\web-app\next.config.ts", "TypeScript", 0, 0, 0, 0, 0, 0, 5, 0, 0, 0, 0, 0, 0, 0, 0, 0, 3, 8
"c:\Users\Bobby\Desktop\sports\web-app\package-lock.json", "JSON", 0, 0, 6798, 0, 0, 0, 0, 0, 0, 0, 0, 0, 0, 0, 0, 0, 1, 6799
"c:\Users\Bobby\Desktop\sports\web-app\package.json", "JSON", 0, 0, 29, 0, 0, 0, 0, 0, 0, 0, 0, 0, 0, 0, 0, 0, 1, 30
"c:\Users\Bobby\Desktop\sports\web-app\postcss.config.mjs", "JavaScript", 0, 0, 0, 0, 6, 0, 0, 0, 0, 0, 0, 0, 0, 0, 0, 0, 2, 8
"c:\Users\Bobby\Desktop\sports\web-app\public\file.svg", "XML", 0, 0, 0, 0, 0, 0, 0, 0, 0, 1, 0, 0, 0, 0, 0, 0, 0, 1
"c:\Users\Bobby\Desktop\sports\web-app\public\globe.svg", "XML", 0, 0, 0, 0, 0, 0, 0, 0, 0, 1, 0, 0, 0, 0, 0, 0, 0, 1
"c:\Users\Bobby\Desktop\sports\web-app\public\next.svg", "XML", 0, 0, 0, 0, 0, 0, 0, 0, 0, 1, 0, 0, 0, 0, 0, 0, 0, 1
"c:\Users\Bobby\Desktop\sports\web-app\public\vercel.svg", "XML", 0, 0, 0, 0, 0, 0, 0, 0, 0, 1, 0, 0, 0, 0, 0, 0, 0, 1
"c:\Users\Bobby\Desktop\sports\web-app\public\window.svg", "XML", 0, 0, 0, 0, 0, 0, 0, 0, 0, 1, 0, 0, 0, 0, 0, 0, 0, 1
"c:\Users\Bobby\Desktop\sports\web-app\src\app\api\checkout\route.ts", "TypeScript", 0, 0, 0, 0, 0, 0, 53, 0, 0, 0, 0, 0, 0, 0, 0, 2, 7, 62
"c:\Users\Bobby\Desktop\sports\web-app\src\app\api\webhooks\stripe\route.ts", "TypeScript", 0, 0, 0, 0, 0, 0, 33, 0, 0, 0, 0, 0, 0, 0, 0, 2, 12, 47
"c:\Users\Bobby\Desktop\sports\web-app\src\app\blog\app-overview\page.tsx", "TypeScript JSX", 0, 0, 0, 0, 0, 0, 0, 0, 137, 0, 0, 0, 0, 0, 0, 0, 36, 173
"c:\Users\Bobby\Desktop\sports\web-app\src\app\blog\betting-types\page.tsx", "TypeScript JSX", 0, 0, 0, 0, 0, 0, 0, 0, 117, 0, 0, 0, 0, 0, 0, 0, 39, 156
"c:\Users\Bobby\Desktop\sports\web-app\src\app\blog\layout.tsx", "TypeScript JSX", 0, 0, 0, 0, 0, 0, 0, 0, 13, 0, 0, 0, 0, 0, 0, 0, 1, 14
"c:\Users\Bobby\Desktop\sports\web-app\src\app\blog\moneyline\page.tsx", "TypeScript JSX", 0, 0, 0, 0, 0, 0, 0, 0, 59, 0, 0, 0, 0, 0, 0, 0, 16, 75
"c:\Users\Bobby\Desktop\sports\web-app\src\app\blog\over-under\page.tsx", "TypeScript JSX", 0, 0, 0, 0, 0, 0, 0, 0, 64, 0, 0, 0, 0, 0, 0, 0, 18, 82
"c:\Users\Bobby\Desktop\sports\web-app\src\app\blog\page.tsx", "TypeScript JSX", 0, 0, 0, 0, 0, 0, 0, 0, 45, 0, 0, 0, 0, 0, 0, 0, 4, 49
"c:\Users\Bobby\Desktop\sports\web-app\src\app\globals.css", "CSS", 0, 0, 0, 0, 0, 38, 0, 0, 0, 0, 0, 0, 0, 0, 0, 0, 11, 49
"c:\Users\Bobby\Desktop\sports\web-app\src\app\layout.tsx", "TypeScript JSX", 0, 0, 0, 0, 0, 0, 0, 0, 39, 0, 0, 0, 0, 0, 0, 0, 5, 44
"c:\Users\Bobby\Desktop\sports\web-app\src\app\login\[[...rest]]\page.tsx", "TypeScript JSX", 0, 0, 0, 0, 0, 0, 0, 0, 9, 0, 0, 0, 0, 0, 0, 0, 2, 11
"c:\Users\Bobby\Desktop\sports\web-app\src\app\page.tsx", "TypeScript JSX", 0, 0, 0, 0, 0, 0, 0, 0, 15, 0, 0, 0, 0, 0, 0, 1, 6, 22
"c:\Users\Bobby\Desktop\sports\web-app\src\app\pricing\page.tsx", "TypeScript JSX", 0, 0, 0, 0, 0, 0, 0, 0, 79, 0, 0, 0, 0, 0, 0, 0, 12, 91
"c:\Users\Bobby\Desktop\sports\web-app\src\app\signup\[[...rest]]\page.tsx", "TypeScript JSX", 0, 0, 0, 0, 0, 0, 0, 0, 9, 0, 0, 0, 0, 0, 0, 0, 2, 11
"c:\Users\Bobby\Desktop\sports\web-app\src\components\Tooltip.tsx", "TypeScript JSX", 0, 0, 0, 0, 0, 0, 0, 0, 79, 0, 0, 0, 0, 0, 0, 1, 8, 88
"c:\Users\Bobby\Desktop\sports\web-app\src\components\home\BetCard.tsx", "TypeScript JSX", 0, 0, 0, 0, 0, 0, 0, 0, 201, 0, 0, 0, 0, 0, 0, 15, 29, 245
"c:\Users\Bobby\Desktop\sports\web-app\src\components\home\BetFeed.tsx", "TypeScript JSX", 0, 0, 0, 0, 0, 0, 0, 0, 194, 0, 0, 0, 0, 0, 0, 4, 15, 213
"c:\Users\Bobby\Desktop\sports\web-app\src\components\home\HeroStats.tsx", "TypeScript JSX", 0, 0, 0, 0, 0, 0, 0, 0, 100, 0, 0, 0, 0, 0, 0, 2, 10, 112
"c:\Users\Bobby\Desktop\sports\web-app\src\components\home\MatchDetailsModal.tsx", "TypeScript JSX", 0, 0, 0, 0, 0, 0, 0, 0, 208, 0, 0, 0, 0, 0, 0, 10, 17, 235
"c:\Users\Bobby\Desktop\sports\web-app\src\components\layout\Footer.tsx", "TypeScript JSX", 0, 0, 0, 0, 0, 0, 0, 0, 35, 0, 0, 0, 0, 0, 0, 0, 2, 37
"c:\Users\Bobby\Desktop\sports\web-app\src\components\layout\Navbar.tsx", "TypeScript JSX", 0, 0, 0, 0, 0, 0, 0, 0, 37, 0, 0, 0, 0, 0, 0, 0, 4, 41
"c:\Users\Bobby\Desktop\sports\web-app\src\components\ui\Container.tsx", "TypeScript JSX", 0, 0, 0, 0, 0, 0, 0, 0, 12, 0, 0, 0, 0, 0, 0, 0, 3, 15
"c:\Users\Bobby\Desktop\sports\web-app\src\hooks\useStats.ts", "TypeScript", 0, 0, 0, 0, 0, 0, 27, 0, 0, 0, 0, 0, 0, 0, 0, 0, 6, 33
"c:\Users\Bobby\Desktop\sports\web-app\src\lib\api.ts", "TypeScript", 0, 0, 0, 0, 0, 0, 14, 0, 0, 0, 0, 0, 0, 0, 0, 0, 4, 18
"c:\Users\Bobby\Desktop\sports\web-app\src\middleware.ts", "TypeScript", 0, 0, 0, 0, 0, 0, 13, 0, 0, 0, 0, 0, 0, 0, 0, 2, 4, 19
"c:\Users\Bobby\Desktop\sports\web-app\tsconfig.json", "JSON with Comments", 0, 0, 0, 0, 0, 0, 0, 34, 0, 0, 0, 0, 0, 0, 0, 0, 1, 35
"Total", "-", 43212, 3134, 48267, 52342, 114, 38, 145, 34, 1452, 5, 50485, 1469, 275, 12, 530, 1951, 28684, 232149